time,open,high,low,close,tick_volume,spread,real_volume
2023-01-03 00:00:00,1826.72,1832.38,1823.56,1828.51,8445,8,0
2023-01-03 04:00:00,1828.47,1843.06,1828.26,1840.39,12051,8,0
2023-01-03 08:00:00,1840.39,1849.96,1834.53,1838.84,23699,8,0
2023-01-03 12:00:00,1838.84,1841.06,1830.83,1838.88,20195,8,0
2023-01-03 16:00:00,1838.91,1849.85,1827.52,1839.2,34451,8,0
2023-01-03 20:00:00,1839.2,1840.2,1836.51,1839.47,13232,8,0
2023-01-04 00:00:00,1838.61,1844.46,1836.12,1844.28,6929,8,0
2023-01-04 04:00:00,1844.37,1847.1,1843.41,1846.33,8762,8,0
2023-01-04 08:00:00,1846.35,1865.12,1845.79,1860.54,22512,8,0
2023-01-04 12:00:00,1860.55,1862.86,1852.79,1860.03,21557,8,0
2023-01-04 16:00:00,1859.97,1860.82,1848.93,1850.5,35079,8,0
2023-01-04 20:00:00,1850.49,1857.16,1847.08,1854.61,21191,8,0
2023-01-05 00:00:00,1853.76,1858.95,1852.9,1858.78,7062,8,0
2023-01-05 04:00:00,1858.78,1858.78,1850.34,1852.53,10148,8,0
2023-01-05 08:00:00,1852.58,1855.61,1843.78,1848.52,19654,8,0
2023-01-05 12:00:00,1848.66,1851.34,1833.01,1834.75,24520,8,0
2023-01-05 16:00:00,1834.58,1837.82,1825.06,1833.9,34461,8,0
2023-01-05 20:00:00,1833.86,1837.4,1831.89,1832.87,12824,8,0
2023-01-06 00:00:00,1829.35,1836.07,1829.33,1835.47,5739,8,0
2023-01-06 04:00:00,1835.43,1840.79,1835.4,1837.02,10054,8,0
2023-01-06 08:00:00,1837.05,1840.59,1833.26,1835.45,12912,8,0
2023-01-06 12:00:00,1835.51,1852.53,1833.96,1851.81,24276,8,0
2023-01-06 16:00:00,1851.81,1864.94,1840.64,1862.32,40638,8,0
2023-01-06 20:00:00,1862.25,1869.8,1861.7,1866.45,11778,8,0
2023-01-09 00:00:00,1866.47,1875.21,1866.28,1874.34,10052,8,0
2023-01-09 04:00:00,1874.35,1879.41,1874.16,1877.84,10418,8,0
2023-01-09 08:00:00,1877.84,1880.92,1871.26,1873.57,17984,8,0
2023-01-09 12:00:00,1873.59,1878.44,1870.52,1878.14,17207,8,0
2023-01-09 16:00:00,1878.14,1881.48,1869.0,1871.8,28722,8,0
2023-01-09 20:00:00,1871.79,1875.69,1869.17,1871.63,13181,8,0
2023-01-10 00:00:00,1871.44,1875.82,1867.71,1874.37,8622,8,0
2023-01-10 04:00:00,1874.4,1875.59,1870.58,1874.05,10586,8,0
2023-01-10 08:00:00,1874.06,1877.23,1870.54,1876.82,18724,8,0
2023-01-10 12:00:00,1876.81,1877.1,1870.39,1873.3,21558,8,0
2023-01-10 16:00:00,1873.35,1880.71,1871.13,1874.23,36956,8,0
2023-01-10 20:00:00,1874.19,1878.7,1871.94,1876.89,11500,8,0
2023-01-11 00:00:00,1876.7,1878.43,1871.92,1872.98,6741,8,0
2023-01-11 04:00:00,1872.96,1884.52,1872.21,1882.34,10534,8,0
2023-01-11 08:00:00,1882.29,1886.59,1880.35,1884.59,20270,8,0
2023-01-11 12:00:00,1884.55,1886.1,1875.74,1877.58,22448,8,0
2023-01-11 16:00:00,1877.58,1879.08,1867.07,1873.78,33847,8,0
2023-01-11 20:00:00,1873.73,1878.48,1873.1,1875.68,11843,5,0
2023-01-12 00:00:00,1875.21,1881.06,1874.36,1880.51,8225,8,0
2023-01-12 04:00:00,1880.48,1884.98,1880.2,1883.6,9873,8,0
2023-01-12 08:00:00,1883.59,1885.44,1879.85,1884.34,16251,8,0
2023-01-12 12:00:00,1884.34,1901.58,1872.15,1899.56,28821,5,0
2023-01-12 16:00:00,1899.56,1901.3,1879.78,1897.65,48014,8,0
2023-01-12 20:00:00,1897.66,1899.52,1894.04,1896.72,17002,8,0
2023-01-13 00:00:00,1895.88,1900.92,1895.35,1898.71,10631,8,0
2023-01-13 04:00:00,1898.73,1899.77,1892.25,1893.61,11601,8,0
2023-01-13 08:00:00,1893.66,1909.68,1893.44,1904.35,24909,8,0
2023-01-13 12:00:00,1904.32,1906.95,1893.63,1900.01,25687,8,0
2023-01-13 16:00:00,1900.03,1917.78,1899.11,1916.82,36271,5,0
2023-01-13 20:00:00,1916.86,1921.88,1916.71,1920.56,13282,8,0
2023-01-16 00:00:00,1919.38,1924.51,1916.75,1924.13,11902,8,0
2023-01-16 04:00:00,1924.13,1928.92,1916.87,1919.45,13156,8,0
2023-01-16 08:00:00,1919.45,1920.78,1910.82,1917.54,18846,8,0
2023-01-16 12:00:00,1917.54,1919.27,1911.36,1913.36,16315,8,0
2023-01-16 16:00:00,1913.36,1917.1,1912.5,1913.84,12640,8,0
2023-01-16 20:00:00,1913.84,1915.65,1913.78,1915.36,1033,8,0
2023-01-17 00:00:00,1914.88,1918.98,1912.79,1912.99,9217,8,0
2023-01-17 04:00:00,1912.99,1916.21,1908.05,1910.98,13285,8,0
2023-01-17 08:00:00,1910.98,1911.87,1905.84,1906.58,18431,8,0
2023-01-17 12:00:00,1906.58,1914.36,1904.19,1913.0,23940,8,0
2023-01-17 16:00:00,1913.0,1916.62,1905.15,1907.11,35222,8,0
2023-01-17 20:00:00,1907.11,1910.8,1903.71,1908.49,13447,8,0
2023-01-18 00:00:00,1908.46,1909.15,1906.32,1908.75,7139,8,0
2023-01-18 04:00:00,1908.75,1910.34,1896.51,1897.84,22549,8,0
2023-01-18 08:00:00,1897.85,1915.93,1897.74,1914.8,26348,8,0
2023-01-18 12:00:00,1914.82,1924.29,1911.22,1921.32,25490,8,0
2023-01-18 16:00:00,1921.28,1925.89,1901.54,1905.24,43522,8,0
2023-01-18 20:00:00,1905.24,1906.47,1902.3,1904.24,12312,8,0
2023-01-19 00:00:00,1904.42,1909.53,1901.33,1901.91,11675,6,0
2023-01-19 04:00:00,1901.9,1910.91,1900.9,1910.05,13703,6,0
2023-01-19 08:00:00,1910.05,1916.73,1906.35,1910.4,20439,6,0
2023-01-19 12:00:00,1910.43,1913.43,1906.59,1913.16,25185,6,0
2023-01-19 16:00:00,1913.16,1923.29,1912.8,1920.07,36511,6,0
2023-01-19 20:00:00,1920.1,1935.17,1919.79,1932.07,19376,6,0
2023-01-20 00:00:00,1932.26,1934.85,1929.36,1931.69,8759,6,0
2023-01-20 04:00:00,1931.69,1932.47,1923.12,1927.87,11510,6,0
2023-01-20 08:00:00,1927.85,1937.47,1926.17,1929.35,21255,6,0
2023-01-20 12:00:00,1929.35,1931.32,1923.9,1924.14,22144,6,0
2023-01-20 16:00:00,1924.14,1930.95,1920.68,1925.2,29728,6,0
2023-01-20 20:00:00,1925.22,1931.01,1924.74,1926.79,11752,6,0
2023-01-23 00:00:00,1926.0,1933.73,1923.79,1932.47,7490,6,0
2023-01-23 04:00:00,1932.45,1935.47,1925.99,1926.11,9375,6,0
2023-01-23 08:00:00,1926.16,1927.43,1918.87,1925.93,18772,6,0
2023-01-23 12:00:00,1925.93,1929.33,1918.81,1921.87,20747,6,0
2023-01-23 16:00:00,1921.85,1926.3,1911.33,1923.85,36590,6,0
2023-01-23 20:00:00,1923.85,1931.77,1923.76,1930.8,13534,6,0
2023-01-24 00:00:00,1931.05,1935.76,1930.68,1935.74,5703,6,0
2023-01-24 04:00:00,1935.76,1937.04,1931.82,1934.05,7390,6,0
2023-01-24 08:00:00,1934.04,1942.46,1933.87,1936.08,19044,6,0
2023-01-24 12:00:00,1936.08,1939.4,1930.36,1932.48,19409,6,0
2023-01-24 16:00:00,1932.46,1936.63,1917.14,1933.87,40373,6,0
2023-01-24 20:00:00,1933.85,1938.27,1933.06,1937.24,11752,6,0
2023-01-25 00:00:00,1936.97,1938.82,1934.92,1937.35,5449,6,0
2023-01-25 04:00:00,1937.5,1939.61,1925.79,1927.49,9183,6,0
2023-01-25 08:00:00,1927.56,1933.67,1926.22,1927.87,16331,6,0
2023-01-25 12:00:00,1927.91,1928.51,1919.83,1922.29,20860,6,0
2023-01-25 16:00:00,1922.27,1940.48,1921.74,1937.29,37359,6,0
2023-01-25 20:00:00,1937.53,1948.0,1937.41,1946.12,15057,6,0
2023-01-26 00:00:00,1946.52,1949.1,1942.48,1945.5,6973,6,0
2023-01-26 04:00:00,1945.5,1948.77,1943.62,1947.52,8141,6,0
2023-01-26 08:00:00,1947.42,1948.95,1933.73,1936.75,19852,6,0
2023-01-26 12:00:00,1936.75,1939.55,1931.11,1937.6,22114,6,0
2023-01-26 16:00:00,1937.65,1942.34,1918.55,1926.64,41335,6,0
2023-01-26 20:00:00,1926.59,1933.11,1926.44,1929.04,12977,6,0
2023-01-27 00:00:00,1927.72,1934.78,1927.31,1930.11,7332,6,0
2023-01-27 04:00:00,1930.11,1931.13,1919.73,1925.06,10176,6,0
2023-01-27 08:00:00,1925.13,1928.17,1922.08,1925.56,15083,6,0
2023-01-27 12:00:00,1925.57,1934.96,1925.13,1928.83,19401,6,0
2023-01-27 16:00:00,1928.82,1932.13,1916.71,1928.53,35405,6,0
2023-01-27 20:00:00,1928.53,1932.0,1926.1,1928.5,10510,6,0
2023-01-30 00:00:00,1927.96,1930.91,1924.74,1927.69,9130,6,0
2023-01-30 04:00:00,1927.69,1934.41,1924.33,1931.29,14445,6,0
2023-01-30 08:00:00,1931.29,1932.11,1920.64,1924.64,18682,6,0
2023-01-30 12:00:00,1924.65,1930.73,1922.0,1929.04,19642,6,0
2023-01-30 16:00:00,1929.03,1929.51,1921.93,1924.29,26423,6,0
2023-01-30 20:00:00,1924.19,1924.65,1920.77,1923.07,11107,6,0
2023-01-31 00:00:00,1921.25,1927.4,1921.04,1925.15,7084,6,0
2023-01-31 04:00:00,1925.2,1926.35,1916.89,1917.32,10185,6,0
2023-01-31 08:00:00,1917.31,1917.31,1902.63,1903.77,19801,6,0
2023-01-31 12:00:00,1903.77,1920.27,1900.7,1919.62,24756,6,0
2023-01-31 16:00:00,1919.69,1930.48,1918.46,1929.56,37275,6,0
2023-01-31 20:00:00,1929.59,1931.11,1927.22,1928.06,12252,6,0
2023-02-01 00:00:00,1928.42,1928.75,1925.58,1927.09,5989,6,0
2023-02-01 04:00:00,1927.04,1928.45,1924.55,1926.06,7889,6,0
2023-02-01 08:00:00,1926.0,1929.24,1923.29,1925.08,15658,6,0
2023-02-01 12:00:00,1925.01,1933.18,1923.7,1929.3,19362,6,0
2023-02-01 16:00:00,1929.35,1932.9,1920.5,1925.62,33740,6,0
2023-02-01 20:00:00,1925.67,1954.5,1921.15,1950.06,35312,6,0
2023-02-02 00:00:00,1950.87,1957.16,1950.78,1952.75,11919,6,0
2023-02-02 04:00:00,1952.73,1954.43,1951.45,1952.55,9025,6,0
2023-02-02 08:00:00,1952.6,1959.67,1951.21,1956.41,18854,6,0
2023-02-02 12:00:00,1956.44,1957.23,1943.31,1944.32,27891,6,0
2023-02-02 16:00:00,1944.32,1947.18,1911.87,1912.16,51272,6,0
2023-02-02 20:00:00,1912.16,1918.58,1911.28,1912.57,22448,6,0
2023-02-03 00:00:00,1911.57,1918.13,1911.47,1917.72,9652,6,0
2023-02-03 04:00:00,1917.72,1918.55,1913.81,1914.92,10593,6,0
2023-02-03 08:00:00,1914.92,1918.16,1910.09,1913.32,18481,6,0
2023-02-03 12:00:00,1913.36,1917.06,1882.68,1886.73,27359,6,0
2023-02-03 16:00:00,1886.72,1886.72,1862.62,1863.46,54309,6,0
2023-02-03 20:00:00,1863.39,1866.94,1861.36,1865.7,18954,6,0
2023-02-06 00:00:00,1861.18,1873.48,1859.85,1872.74,13742,6,0
2023-02-06 04:00:00,1872.74,1878.62,1871.59,1878.05,14055,6,0
2023-02-06 08:00:00,1878.07,1881.33,1870.11,1873.21,20036,6,0
2023-02-06 12:00:00,1873.21,1874.08,1868.18,1871.61,22938,6,0
2023-02-06 16:00:00,1871.62,1875.76,1862.99,1865.99,38941,6,0
2023-02-06 20:00:00,1865.99,1871.26,1864.26,1867.56,15825,6,0
2023-02-07 00:00:00,1867.15,1873.46,1866.81,1873.44,6621,6,0
2023-02-07 04:00:00,1873.46,1875.53,1871.62,1874.88,10617,6,0
2023-02-07 08:00:00,1874.9,1877.95,1871.08,1873.31,19925,6,0
2023-02-07 12:00:00,1873.31,1875.41,1865.66,1869.86,21047,6,0
2023-02-07 16:00:00,1869.84,1884.32,1866.67,1880.58,37237,6,0
2023-02-07 20:00:00,1880.48,1882.72,1864.93,1873.66,31727,6,0
2023-02-08 00:00:00,1873.02,1878.37,1871.37,1876.0,7532,7,0
2023-02-08 04:00:00,1876.03,1878.28,1874.22,1876.86,8152,6,0
2023-02-08 08:00:00,1876.86,1886.33,1873.2,1885.94,20130,6,0
2023-02-08 12:00:00,1885.95,1885.96,1872.59,1877.72,18510,6,0
2023-02-08 16:00:00,1877.69,1883.07,1869.02,1875.72,31581,6,0
2023-02-08 20:00:00,1875.75,1879.87,1873.8,1875.42,13482,6,0
2023-02-09 00:00:00,1875.49,1876.94,1871.99,1876.94,6513,6,0
2023-02-09 04:00:00,1876.88,1881.41,1876.67,1879.03,8801,6,0
2023-02-09 08:00:00,1879.09,1885.42,1876.74,1883.1,18028,6,0
2023-02-09 12:00:00,1883.11,1889.76,1879.7,1889.53,20843,6,0
2023-02-09 16:00:00,1889.53,1890.22,1862.97,1868.43,36153,6,0
2023-02-09 20:00:00,1868.43,1869.59,1858.88,1861.54,18946,6,0
2023-02-10 00:00:00,1861.83,1865.36,1858.95,1862.1,8014,6,0
2023-02-10 04:00:00,1862.1,1863.42,1852.73,1860.05,12319,6,0
2023-02-10 08:00:00,1860.03,1872.15,1857.56,1864.12,29180,6,0
2023-02-10 12:00:00,1864.12,1868.56,1860.51,1866.94,24165,6,0
2023-02-10 16:00:00,1866.97,1868.5,1856.41,1861.71,34388,6,0
2023-02-10 20:00:00,1861.69,1865.58,1861.14,1865.21,11063,6,0
2023-02-13 00:00:00,1864.73,1865.33,1858.07,1861.42,8510,6,0
2023-02-13 04:00:00,1861.4,1862.38,1856.9,1859.62,10150,6,0
2023-02-13 08:00:00,1859.62,1866.58,1854.62,1857.07,18772,6,0
2023-02-13 12:00:00,1857.07,1863.07,1853.82,1856.89,17675,6,0
2023-02-13 16:00:00,1856.89,1859.33,1850.62,1851.54,26961,6,0
2023-02-13 20:00:00,1851.54,1855.72,1850.43,1853.36,10263,6,0
2023-02-14 00:00:00,1853.53,1856.66,1853.19,1856.59,5901,6,0
2023-02-14 04:00:00,1856.56,1859.45,1855.57,1859.25,7451,6,0
2023-02-14 08:00:00,1859.24,1864.88,1857.76,1862.55,16966,6,0
2023-02-14 12:00:00,1862.53,1870.5,1848.96,1862.6,26146,6,0
2023-02-14 16:00:00,1862.41,1866.3,1843.22,1849.75,51685,5,0
2023-02-14 20:00:00,1849.75,1858.84,1849.56,1854.34,15293,6,0
2023-02-15 00:00:00,1854.03,1859.28,1853.49,1858.9,6515,6,0
2023-02-15 04:00:00,1858.93,1860.01,1845.16,1846.29,10819,6,0
2023-02-15 08:00:00,1846.33,1846.49,1831.77,1835.75,22508,6,0
2023-02-15 12:00:00,1835.73,1838.86,1831.7,1834.7,22879,6,0
2023-02-15 16:00:00,1834.74,1838.66,1830.42,1834.93,34949,6,0
2023-02-15 20:00:00,1834.9,1838.63,1833.68,1835.79,13077,6,0
2023-02-16 00:00:00,1836.08,1842.22,1834.44,1841.29,9392,6,0
2023-02-16 04:00:00,1841.29,1842.55,1835.3,1836.93,11073,6,0
2023-02-16 08:00:00,1836.93,1844.82,1834.19,1835.54,17496,6,0
2023-02-16 12:00:00,1835.5,1840.32,1827.61,1830.83,22555,6,0
2023-02-16 16:00:00,1830.83,1843.89,1827.58,1842.4,37423,6,0
2023-02-16 20:00:00,1842.39,1845.25,1835.87,1836.37,16744,6,0
2023-02-17 00:00:00,1836.68,1836.68,1828.82,1828.96,8040,6,0
2023-02-17 04:00:00,1828.96,1830.56,1823.69,1827.49,10720,6,0
2023-02-17 08:00:00,1827.44,1828.12,1818.89,1825.83,19629,6,0
2023-02-17 12:00:00,1825.81,1830.32,1821.83,1827.65,20291,6,0
2023-02-17 16:00:00,1827.6,1842.81,1822.71,1840.83,37927,6,0
2023-02-17 20:00:00,1840.86,1843.57,1840.17,1842.03,12707,6,0
2023-02-20 00:00:00,1840.58,1841.88,1837.23,1840.34,8125,6,0
2023-02-20 04:00:00,1840.34,1844.86,1839.41,1844.45,10015,6,0
2023-02-20 08:00:00,1844.49,1847.47,1840.98,1843.86,15071,6,0
2023-02-20 12:00:00,1843.86,1846.8,1842.52,1846.31,12499,6,0
2023-02-20 16:00:00,1846.31,1847.01,1840.74,1840.8,11909,6,0
2023-02-20 20:00:00,1840.8,1841.57,1840.45,1841.18,1115,6,0
2023-02-21 00:00:00,1841.62,1843.72,1840.0,1842.3,6951,6,0
2023-02-21 04:00:00,1842.3,1843.33,1837.02,1839.68,10121,6,0
2023-02-21 08:00:00,1839.7,1839.7,1831.05,1835.5,20342,6,0
2023-02-21 12:00:00,1835.5,1837.09,1830.21,1836.76,20107,6,0
2023-02-21 16:00:00,1836.76,1843.81,1832.13,1836.83,37459,6,0
2023-02-21 20:00:00,1836.75,1837.44,1831.76,1834.9,12308,6,0
2023-02-22 00:00:00,1835.04,1838.39,1834.4,1836.2,8337,6,0
2023-02-22 04:00:00,1836.17,1837.46,1834.57,1836.91,9160,6,0
2023-02-22 08:00:00,1836.97,1841.12,1832.92,1834.0,15979,6,0
2023-02-22 12:00:00,1833.97,1846.01,1832.04,1838.61,22749,6,0
2023-02-22 16:00:00,1838.53,1839.07,1830.67,1833.18,32759,6,0
2023-02-22 20:00:00,1833.2,1834.21,1823.48,1825.14,23282,6,0
2023-02-23 00:00:00,1825.28,1828.72,1823.09,1827.68,7113,6,0
2023-02-23 04:00:00,1827.68,1830.38,1826.29,1828.9,9772,6,0
2023-02-23 08:00:00,1828.9,1833.66,1825.59,1826.22,15835,6,0
2023-02-23 12:00:00,1826.26,1828.49,1817.39,1825.49,22033,6,0
2023-02-23 16:00:00,1825.54,1830.09,1818.39,1821.23,38558,6,0
2023-02-23 20:00:00,1821.2,1824.15,1819.22,1822.24,12994,6,0
2023-02-24 00:00:00,1822.1,1827.04,1822.1,1825.99,10706,6,0
2023-02-24 04:00:00,1825.95,1827.77,1824.05,1824.59,9420,6,0
2023-02-24 08:00:00,1824.6,1826.29,1819.65,1821.54,16383,6,0
2023-02-24 12:00:00,1821.52,1824.21,1811.5,1815.61,25759,6,0
2023-02-24 16:00:00,1815.81,1815.91,1808.89,1809.91,38292,6,0
2023-02-24 20:00:00,1809.89,1813.43,1808.9,1811.14,13555,6,0
2023-02-27 00:00:00,1810.76,1814.15,1810.3,1813.88,9197,7,0
2023-02-27 04:00:00,1813.82,1813.98,1806.59,1808.62,11969,6,0
2023-02-27 08:00:00,1808.63,1813.65,1807.08,1808.45,17335,5,0
2023-02-27 12:00:00,1808.49,1816.32,1808.27,1815.21,20035,5,0
2023-02-27 16:00:00,1815.18,1820.13,1812.57,1818.63,30632,5,0
2023-02-27 20:00:00,1818.63,1820.1,1815.97,1817.17,12156,5,0
2023-02-28 00:00:00,1816.83,1818.12,1815.32,1817.26,5650,7,0
2023-02-28 04:00:00,1817.26,1819.41,1812.16,1813.29,9113,5,0
2023-02-28 08:00:00,1813.31,1816.92,1804.67,1810.35,19257,5,0
2023-02-28 12:00:00,1810.38,1814.18,1807.24,1814.03,17698,5,0
2023-02-28 16:00:00,1814.0,1831.15,1812.98,1829.27,37036,5,0
2023-02-28 20:00:00,1829.27,1830.78,1826.28,1826.63,14037,5,0
2023-03-01 00:00:00,1826.63,1829.41,1823.05,1829.11,8568,6,0
2023-03-01 04:00:00,1829.09,1832.61,1827.32,1831.09,10667,5,0
2023-03-01 08:00:00,1831.09,1838.0,1830.4,1831.7,19936,5,0
2023-03-01 12:00:00,1831.76,1841.66,1830.76,1837.19,22401,5,0
2023-03-01 16:00:00,1837.19,1844.5,1833.42,1837.13,38168,5,0
2023-03-01 20:00:00,1837.21,1839.06,1836.47,1836.55,11993,5,0
2023-03-02 00:00:00,1836.76,1838.48,1830.98,1833.0,8383,5,0
2023-03-02 04:00:00,1833.1,1835.95,1832.21,1833.49,9297,5,0
2023-03-02 08:00:00,1833.49,1835.23,1829.93,1831.95,16956,5,0
2023-03-02 12:00:00,1831.91,1837.6,1830.07,1832.23,22206,5,0
2023-03-02 16:00:00,1832.22,1838.93,1832.0,1833.75,30202,5,0
2023-03-02 20:00:00,1833.75,1838.07,1832.82,1835.57,13144,5,0
2023-03-03 00:00:00,1835.57,1841.47,1835.57,1838.76,7498,7,0
2023-03-03 04:00:00,1838.75,1841.11,1837.83,1839.02,8893,7,0
2023-03-03 08:00:00,1839.04,1847.35,1838.94,1845.77,16015,5,0
2023-03-03 12:00:00,1845.77,1849.2,1844.51,1846.94,17793,5,0
2023-03-03 16:00:00,1846.93,1848.28,1839.01,1847.34,31412,5,0
2023-03-03 20:00:00,1847.34,1856.29,1846.58,1854.65,14027,5,0
2023-03-06 00:00:00,1855.24,1855.44,1850.7,1852.58,7801,6,0
2023-03-06 04:00:00,1852.58,1856.43,1850.97,1854.21,9367,5,0
2023-03-06 08:00:00,1854.21,1858.24,1850.52,1851.37,16250,5,0
2023-03-06 12:00:00,1851.4,1853.21,1847.25,1851.51,18313,5,0
2023-03-06 16:00:00,1851.51,1853.93,1848.42,1850.38,28024,5,0
2023-03-06 20:00:00,1850.38,1850.39,1845.05,1846.56,11782,5,0
2023-03-07 00:00:00,1846.39,1848.42,1844.02,1847.86,6240,6,0
2023-03-07 04:00:00,1847.86,1850.39,1846.54,1847.38,9312,6,0
2023-03-07 08:00:00,1847.4,1851.62,1843.39,1843.8,15483,5,0
2023-03-07 12:00:00,1843.82,1844.33,1833.37,1835.41,19225,5,0
2023-03-07 16:00:00,1835.46,1835.5,1815.55,1817.02,47353,5,0
2023-03-07 20:00:00,1817.02,1818.1,1812.66,1812.94,17600,5,0
2023-03-08 00:00:00,1813.49,1814.36,1811.32,1812.27,8274,5,0
2023-03-08 04:00:00,1812.29,1812.93,1809.35,1812.06,10401,7,0
2023-03-08 08:00:00,1812.06,1815.21,1811.41,1813.72,14996,6,0
2023-03-08 12:00:00,1813.72,1816.59,1812.19,1813.61,18404,5,0
2023-03-08 16:00:00,1813.61,1824.22,1812.95,1815.6,40004,5,0
2023-03-08 20:00:00,1815.6,1816.35,1812.84,1813.66,13284,5,0
2023-03-09 00:00:00,1813.77,1816.45,1812.16,1812.28,6733,7,0
2023-03-09 04:00:00,1812.28,1816.01,1811.87,1815.02,7771,6,0
2023-03-09 08:00:00,1815.04,1819.08,1812.72,1816.99,14739,5,0
2023-03-09 12:00:00,1817.11,1825.28,1815.42,1825.13,18969,5,0
2023-03-09 16:00:00,1825.12,1835.64,1823.92,1829.32,34826,5,0
2023-03-09 20:00:00,1829.32,1834.99,1828.2,1830.74,21648,5,0
2023-03-10 00:00:00,1831.12,1834.85,1830.05,1831.02,9793,7,0
2023-03-10 04:00:00,1831.01,1833.21,1827.7,1830.97,14587,6,0
2023-03-10 08:00:00,1831.01,1837.27,1830.15,1831.54,21894,5,0
2023-03-10 12:00:00,1831.54,1844.98,1830.85,1842.47,29517,5,0
2023-03-10 16:00:00,1842.45,1867.32,1839.93,1864.17,58618,5,0
2023-03-10 20:00:00,1864.2,1870.09,1860.8,1867.33,24741,5,0
2023-03-13 00:00:00,1880.78,1894.08,1875.11,1876.88,25249,5,0
2023-03-13 04:00:00,1876.93,1888.8,1872.13,1881.48,25372,5,0
2023-03-13 08:00:00,1881.47,1886.08,1871.45,1885.45,27221,5,0
2023-03-13 12:00:00,1885.45,1902.85,1880.89,1899.26,56982,5,0
2023-03-13 16:00:00,1899.33,1913.04,1893.52,1909.07,65744,5,0
2023-03-13 20:00:00,1909.11,1914.57,1907.91,1913.37,29240,5,0
2023-03-14 00:00:00,1913.45,1914.1,1909.85,1912.4,8250,5,0
2023-03-14 04:00:00,1912.41,1912.8,1901.58,1904.19,16751,5,0
2023-03-14 08:00:00,1904.13,1913.45,1900.73,1904.29,31867,5,0
2023-03-14 12:00:00,1904.29,1911.95,1898.59,1909.96,37171,5,0
2023-03-14 16:00:00,1909.99,1910.79,1895.37,1908.68,45744,5,0
2023-03-14 20:00:00,1908.67,1910.25,1902.24,1903.84,26532,5,0
2023-03-15 00:00:00,1903.48,1904.89,1899.92,1901.72,6347,5,0
2023-03-15 04:00:00,1901.72,1905.64,1900.9,1901.77,12855,5,0
2023-03-15 08:00:00,1901.78,1902.36,1885.66,1887.51,21482,5,0
2023-03-15 12:00:00,1887.51,1930.21,1886.65,1927.77,54668,5,0
2023-03-15 16:00:00,1927.64,1937.31,1917.35,1933.56,60666,5,0
2023-03-15 20:00:00,1933.54,1937.06,1908.97,1918.09,34715,5,0
2023-03-16 00:00:00,1918.23,1924.29,1914.73,1914.8,11384,5,0
2023-03-16 04:00:00,1914.66,1915.29,1907.51,1913.31,20490,5,0
2023-03-16 08:00:00,1913.21,1922.5,1912.26,1919.02,27528,5,0
2023-03-16 12:00:00,1919.02,1931.81,1917.64,1930.34,30078,5,0
2023-03-16 16:00:00,1930.37,1933.43,1913.33,1914.87,60369,5,0
2023-03-16 20:00:00,1914.97,1921.12,1914.53,1919.3,24722,5,0
2023-03-17 00:00:00,1920.49,1922.39,1918.36,1919.43,5953,6,0
2023-03-17 04:00:00,1919.43,1931.01,1918.2,1930.95,15349,6,0
2023-03-17 08:00:00,1930.95,1934.36,1927.31,1928.64,20816,5,0
2023-03-17 12:00:00,1928.63,1946.11,1928.08,1944.95,30082,5,0
2023-03-17 16:00:00,1944.95,1964.88,1944.35,1961.74,52875,5,0
2023-03-17 20:00:00,1961.78,1987.72,1961.44,1986.12,35790,5,0
2023-03-20 00:00:00,1984.3,1990.59,1971.8,1972.08,13695,5,0
2023-03-20 04:00:00,1972.06,1975.52,1968.06,1974.8,21276,5,0
2023-03-20 08:00:00,1974.8,2009.74,1974.4,1996.33,42558,5,0
2023-03-20 12:00:00,1996.34,1999.39,1972.46,1974.46,41856,5,0
2023-03-20 16:00:00,1974.5,1984.81,1965.78,1974.77,53043,5,0
2023-03-20 20:00:00,1974.79,1984.32,1974.16,1978.63,19725,5,0
2023-03-21 00:00:00,1978.77,1982.59,1975.38,1980.34,6518,8,0
2023-03-21 04:00:00,1980.29,1985.15,1979.12,1981.36,13390,7,0
2023-03-21 08:00:00,1981.35,1983.2,1962.83,1966.37,25092,5,0
2023-03-21 12:00:00,1966.33,1969.82,1960.44,1963.55,26424,5,0
2023-03-21 16:00:00,1963.54,1965.78,1940.12,1944.31,47152,5,0
2023-03-21 20:00:00,1944.29,1944.82,1935.36,1940.46,18212,5,0
2023-03-22 00:00:00,1939.46,1944.64,1939.18,1943.39,5702,11,0
2023-03-22 04:00:00,1943.39,1946.18,1937.88,1939.29,15232,5,0
2023-03-22 08:00:00,1939.3,1945.33,1934.23,1941.81,21980,5,0
2023-03-22 12:00:00,1941.8,1945.67,1937.04,1937.56,25152,5,0
2023-03-22 16:00:00,1937.49,1951.92,1937.37,1949.05,33600,5,0
2023-03-22 20:00:00,1949.01,1978.78,1944.94,1969.64,45462,5,0
2023-03-23 00:00:00,1970.21,1973.68,1964.52,1972.8,10050,5,0
2023-03-23 04:00:00,1972.81,1978.16,1966.26,1977.75,22015,6,0
2023-03-23 08:00:00,1977.75,1983.54,1974.24,1976.52,27224,5,0
2023-03-23 12:00:00,1976.48,1980.61,1966.62,1971.91,26848,5,0
2023-03-23 16:00:00,1971.97,1995.18,1971.32,1994.19,44683,5,0
2023-03-23 20:00:00,1994.18,2003.28,1987.97,1993.71,34786,5,0
2023-03-24 00:00:00,1993.13,1994.52,1989.64,1993.75,6841,5,0
2023-03-24 04:00:00,1993.74,1994.78,1989.74,1993.18,16664,5,0
2023-03-24 08:00:00,1993.2,1993.31,1981.18,1985.41,23166,5,0
2023-03-24 12:00:00,1985.4,2002.89,1985.35,1998.88,39686,5,0
2023-03-24 16:00:00,1998.95,2001.82,1983.77,1986.79,52020,5,0
2023-03-24 20:00:00,1986.81,1987.17,1975.14,1977.55,22852,5,0
2023-03-27 00:00:00,1978.89,1979.53,1969.27,1973.61,10376,5,0
2023-03-27 04:00:00,1973.61,1978.7,1972.1,1973.69,17668,5,0
2023-03-27 08:00:00,1973.71,1973.87,1965.9,1968.3,23767,5,0
2023-03-27 12:00:00,1968.3,1968.65,1944.32,1945.67,26841,5,0
2023-03-27 16:00:00,1945.83,1959.42,1943.94,1955.84,33888,5,0
2023-03-27 20:00:00,1955.71,1958.2,1950.73,1956.34,14960,5,0
2023-03-28 00:00:00,1956.26,1960.71,1956.24,1959.32,6192,5,0
2023-03-28 04:00:00,1959.39,1963.92,1957.29,1957.7,14960,5,0
2023-03-28 08:00:00,1957.7,1960.82,1949.75,1950.19,22794,5,0
2023-03-28 12:00:00,1950.19,1967.32,1949.1,1965.27,25392,5,0
2023-03-28 16:00:00,1965.26,1970.02,1958.92,1969.0,32855,5,0
2023-03-28 20:00:00,1969.04,1975.25,1968.82,1973.51,15833,5,0
2023-03-29 00:00:00,1973.26,1974.34,1969.92,1970.41,5423,5,0
2023-03-29 04:00:00,1970.4,1971.81,1965.77,1966.13,12831,5,0
2023-03-29 08:00:00,1966.15,1967.63,1958.65,1964.29,19186,5,0
2023-03-29 12:00:00,1964.29,1969.1,1962.37,1964.86,21281,5,0
2023-03-29 16:00:00,1964.98,1971.73,1960.59,1965.04,31395,5,0
2023-03-29 20:00:00,1965.04,1969.17,1961.08,1964.32,12122,5,0
2023-03-30 00:00:00,1963.71,1964.86,1960.73,1961.36,6012,7,0
2023-03-30 04:00:00,1961.36,1961.96,1955.32,1960.79,12574,7,0
2023-03-30 08:00:00,1960.79,1971.48,1960.19,1967.91,23423,5,0
2023-03-30 12:00:00,1967.87,1975.27,1966.9,1970.26,20322,5,0
2023-03-30 16:00:00,1970.26,1984.29,1963.9,1983.11,34709,3,0
2023-03-30 20:00:00,1983.33,1983.45,1978.12,1980.15,13062,5,0
2023-03-31 00:00:00,1980.41,1980.49,1977.6,1979.6,6445,8,0
2023-03-31 04:00:00,1979.59,1983.57,1979.02,1980.77,14115,6,0
2023-03-31 08:00:00,1980.75,1984.99,1973.14,1975.09,20417,5,0
2023-03-31 12:00:00,1975.09,1987.55,1975.09,1979.56,23489,0,0
2023-03-31 16:00:00,1979.57,1984.1,1974.82,1977.11,33785,5,0
2023-03-31 20:00:00,1977.11,1977.26,1966.85,1969.29,17068,5,0
2023-04-03 00:00:00,1970.36,1970.7,1956.69,1962.33,11825,5,0
2023-04-03 04:00:00,1962.33,1964.42,1949.7,1952.5,19431,5,0
2023-04-03 08:00:00,1952.52,1966.41,1950.76,1965.73,21263,5,0
2023-04-03 12:00:00,1965.85,1979.94,1963.06,1979.06,23211,5,0
2023-04-03 16:00:00,1979.1,1990.46,1972.34,1986.98,37420,5,0
2023-04-03 20:00:00,1986.96,1986.97,1981.85,1984.37,14305,5,0
2023-04-04 00:00:00,1984.2,1985.44,1982.13,1982.86,4951,7,0
2023-04-04 04:00:00,1982.87,1983.51,1977.78,1979.69,12726,5,0
2023-04-04 08:00:00,1979.65,1984.25,1976.86,1980.62,18325,5,0
2023-04-04 12:00:00,1980.62,1985.59,1978.47,1983.57,19576,5,0
2023-04-04 16:00:00,1983.57,2024.93,1983.37,2020.69,48532,0,0
2023-04-04 20:00:00,2020.7,2022.41,2017.79,2020.48,15029,5,0
2023-04-05 00:00:00,2019.95,2023.61,2019.35,2019.5,6633,5,0
2023-04-05 04:00:00,2019.53,2025.27,2019.53,2023.3,11633,6,0
2023-04-05 08:00:00,2023.3,2028.32,2022.69,2024.0,17645,5,0
2023-04-05 12:00:00,2024.0,2031.98,2021.49,2031.51,22129,5,0
2023-04-05 16:00:00,2031.52,2032.04,2009.9,2021.31,41134,0,0
2023-04-05 20:00:00,2021.31,2023.24,2019.03,2020.7,10691,5,0
2023-04-06 00:00:00,2020.83,2021.31,2016.95,2016.99,3881,7,0
2023-04-06 04:00:00,2016.99,2017.07,2007.91,2013.54,12604,5,0
2023-04-06 08:00:00,2013.54,2019.57,2011.77,2017.31,15264,5,0
2023-04-06 12:00:00,2017.34,2020.91,2011.17,2012.94,17147,5,0
2023-04-06 16:00:00,2012.85,2014.87,2000.79,2011.64,30054,5,0
2023-04-06 20:00:00,2011.64,2012.48,2005.72,2007.02,10410,5,0
2023-04-10 00:00:00,1993.77,2006.39,1992.35,1998.19,6572,0,0
2023-04-10 04:00:00,1998.19,2000.65,1988.84,1992.04,11267,5,0
2023-04-10 08:00:00,1992.03,1999.29,1991.24,1997.29,10088,5,0
2023-04-10 12:00:00,1997.28,2002.87,1989.07,1989.44,16481,5,0
2023-04-10 16:00:00,1989.43,1994.32,1981.62,1989.68,30183,5,0
2023-04-10 20:00:00,1989.69,1992.76,1987.55,1991.14,11994,5,0
2023-04-11 00:00:00,1990.92,1995.35,1990.38,1993.12,5048,5,0
2023-04-11 04:00:00,1993.14,2000.0,1988.72,1999.72,13742,5,0
2023-04-11 08:00:00,1999.74,2007.43,1997.72,2004.58,17959,5,0
2023-04-11 12:00:00,2004.58,2005.39,1998.34,1998.58,17559,5,0
2023-04-11 16:00:00,1998.58,2006.55,1995.54,2006.18,26615,5,0
2023-04-11 20:00:00,2006.18,2006.71,2000.96,2003.53,10903,5,0
2023-04-12 00:00:00,2003.45,2005.47,2003.01,2005.39,3937,8,0
2023-04-12 04:00:00,2005.34,2021.1,2003.89,2020.34,16890,5,0
2023-04-12 08:00:00,2020.28,2020.76,2008.93,2009.03,17473,5,0
2023-04-12 12:00:00,2009.02,2028.22,2006.23,2022.2,23789,0,0
2023-04-12 16:00:00,2022.2,2023.82,2001.37,2007.83,41611,5,0
2023-04-12 20:00:00,2007.83,2018.07,2006.46,2014.77,17923,5,0
2023-04-13 00:00:00,2014.36,2019.77,2013.77,2017.79,6376,6,0
2023-04-13 04:00:00,2017.79,2019.4,2015.64,2018.44,13109,5,0
2023-04-13 08:00:00,2018.44,2029.17,2015.24,2026.53,17022,5,0
2023-04-13 12:00:00,2026.53,2045.71,2025.01,2044.99,22139,5,0
2023-04-13 16:00:00,2045.0,2048.76,2033.6,2040.14,35742,5,0
2023-04-13 20:00:00,2040.19,2044.07,2036.6,2039.94,14390,5,0
2023-04-14 00:00:00,2040.33,2043.56,2038.6,2041.86,5097,9,0
2023-04-14 04:00:00,2041.83,2047.34,2041.05,2043.18,15774,7,0
2023-04-14 08:00:00,2043.26,2044.28,2031.78,2035.71,16494,5,0
2023-04-14 12:00:00,2035.7,2042.18,2017.25,2024.66,26697,5,0
2023-04-14 16:00:00,2024.51,2028.01,1992.34,1999.53,46633,5,0
2023-04-14 20:00:00,1999.57,2007.94,1998.57,2004.59,15169,5,0
2023-04-17 00:00:00,1999.35,2004.98,1998.06,2002.1,7429,5,0
2023-04-17 04:00:00,2002.13,2006.17,1995.31,2004.31,16177,5,0
2023-04-17 08:00:00,2004.31,2015.0,2003.73,2009.88,21169,5,0
2023-04-17 12:00:00,2009.88,2012.13,1999.09,2000.63,21954,5,0
2023-04-17 16:00:00,2000.57,2002.13,1981.14,1991.45,35409,0,0
2023-04-17 20:00:00,1991.45,1997.09,1991.3,1994.99,11324,5,0
2023-04-18 00:00:00,1994.83,1996.07,1993.25,1995.1,4652,13,0
2023-04-18 04:00:00,1995.09,2001.77,1994.42,1998.28,14598,5,0
2023-04-18 08:00:00,1998.28,2005.08,1996.43,2003.14,17242,5,0
2023-04-18 12:00:00,2003.18,2005.77,1999.08,2001.26,18822,5,0
2023-04-18 16:00:00,2001.3,2011.8,1991.18,2007.11,34594,4,0
2023-04-18 20:00:00,2007.15,2008.23,2003.39,2005.23,10811,5,0
2023-04-19 00:00:00,2005.12,2007.4,2004.48,2007.31,5282,6,0
2023-04-19 04:00:00,2007.28,2008.1,2001.95,2003.85,14094,6,0
2023-04-19 08:00:00,2003.87,2004.22,1976.59,1980.02,26949,0,0
2023-04-19 12:00:00,1979.86,1980.5,1969.19,1980.24,27002,5,0
2023-04-19 16:00:00,1980.25,1996.4,1979.28,1995.96,34321,5,0
2023-04-19 20:00:00,1995.96,1996.79,1993.59,1994.6,13107,5,0
2023-04-20 00:00:00,1994.12,1996.62,1993.04,1995.51,6780,6,0
2023-04-20 04:00:00,1995.5,1998.66,1990.43,1992.65,15494,10,0
2023-04-20 08:00:00,1992.65,2001.1,1991.32,1996.62,21881,5,0
2023-04-20 12:00:00,1996.61,2011.29,1992.33,2006.77,25846,0,0
2023-04-20 16:00:00,2006.77,2012.33,1999.01,2005.82,31125,4,0
2023-04-20 20:00:00,2005.84,2008.36,2002.21,2004.66,12208,5,0
2023-04-21 00:00:00,2003.94,2005.47,2001.74,2004.5,6127,5,0
2023-04-21 04:00:00,2004.5,2005.13,2000.25,2000.51,12264,7,0
2023-04-21 08:00:00,2000.53,2000.99,1981.9,1988.27,24835,0,0
2023-04-21 12:00:00,1988.27,1992.45,1982.13,1988.95,22133,5,0
2023-04-21 16:00:00,1988.96,1997.94,1971.58,1977.45,38252,4,0
2023-04-21 20:00:00,1977.45,1983.56,1977.39,1982.63,10226,5,0
2023-04-24 00:00:00,1981.28,1985.36,1981.08,1983.77,6234,6,0
2023-04-24 04:00:00,1983.76,1984.53,1978.1,1979.49,15581,5,0
2023-04-24 08:00:00,1979.49,1985.18,1976.42,1985.05,20397,5,0
2023-04-24 12:00:00,1985.05,1986.91,1981.01,1983.85,18479,5,0
2023-04-24 16:00:00,1983.94,1987.68,1974.09,1986.62,31440,5,0
2023-04-24 20:00:00,1986.63,1990.81,1986.55,1988.96,12410,5,0
2023-04-25 00:00:00,1988.83,2000.88,1988.73,1996.8,6441,5,0
2023-04-25 04:00:00,1996.94,2000.52,1990.92,1991.03,15496,7,0
2023-04-25 08:00:00,1991.0,1997.23,1986.89,1988.51,20181,5,0
2023-04-25 12:00:00,1988.51,1994.52,1976.05,1992.94,26761,3,0
2023-04-25 16:00:00,1992.94,1993.67,1983.45,1990.54,32566,5,0
2023-04-25 20:00:00,1990.59,2003.8,1989.94,1997.01,19883,5,0
2023-04-26 00:00:00,1996.66,2002.43,1995.93,1997.77,9068,6,0
2023-04-26 04:00:00,1997.77,2000.72,1993.07,1995.49,16629,8,0
2023-04-26 08:00:00,1995.49,1999.28,1994.28,1997.61,19298,5,0
2023-04-26 12:00:00,1997.66,2001.7,1991.46,1997.99,25651,5,0
2023-04-26 16:00:00,1998.04,2009.26,1985.38,1986.58,42445,0,0
2023-04-26 20:00:00,1986.59,1991.59,1983.3,1989.25,20141,5,0
2023-04-27 00:00:00,1989.95,1992.19,1989.02,1991.46,6959,5,0
2023-04-27 04:00:00,1991.58,2000.84,1989.46,1999.59,17690,6,0
2023-04-27 08:00:00,1999.56,2003.19,1997.28,1998.17,21456,5,0
2023-04-27 12:00:00,1998.25,2002.96,1981.79,1985.87,24857,5,0
2023-04-27 16:00:00,1985.85,1988.82,1974.11,1984.27,35859,5,0
2023-04-27 20:00:00,1984.27,1991.06,1983.64,1987.78,14179,5,0
2023-04-28 00:00:00,1987.99,1987.99,1985.52,1985.83,6200,8,0
2023-04-28 04:00:00,1985.83,1991.48,1984.87,1987.31,21302,5,0
2023-04-28 08:00:00,1987.33,1989.55,1979.67,1983.4,26362,5,0
2023-04-28 12:00:00,1983.4,1987.5,1976.17,1984.15,24414,5,0
2023-04-28 16:00:00,1984.15,1995.0,1982.09,1991.47,38387,1,0
2023-04-28 20:00:00,1991.48,1992.83,1987.48,1989.65,13875,5,0
2023-05-01 00:00:00,1991.03,1991.81,1983.63,1983.94,7312,5,0
2023-05-01 04:00:00,1983.86,1986.34,1980.59,1984.18,10778,7,0
2023-05-01 08:00:00,1984.15,1984.15,1977.12,1977.3,11862,5,0
2023-05-01 12:00:00,1977.27,2005.25,1977.04,2003.94,21861,5,0
2023-05-01 16:00:00,2003.92,2005.98,1979.86,1981.6,37898,0,0
2023-05-01 20:00:00,1981.62,1983.94,1979.38,1982.41,13713,5,0
2023-05-02 00:00:00,1981.63,1983.62,1980.69,1982.06,5610,6,0
2023-05-02 04:00:00,1982.06,1985.19,1981.27,1982.16,11331,8,0
2023-05-02 08:00:00,1982.16,1985.7,1978.41,1981.34,17263,5,0
2023-05-02 12:00:00,1981.3,1990.15,1980.52,1985.63,19397,5,0
2023-05-02 16:00:00,1985.63,2019.35,1984.4,2015.04,51946,0,0
2023-05-02 20:00:00,2015.05,2018.31,2011.16,2016.51,17696,5,0
2023-05-03 00:00:00,2016.45,2016.97,2014.11,2016.32,4319,6,0
2023-05-03 04:00:00,2016.32,2019.43,2015.75,2015.94,7393,5,0
2023-05-03 08:00:00,2015.94,2018.71,2012.59,2015.62,14018,5,0
2023-05-03 12:00:00,2015.62,2017.43,2007.18,2013.7,19125,5,0
2023-05-03 16:00:00,2013.7,2026.77,2011.84,2024.01,33226,4,0
2023-05-03 20:00:00,2023.99,2040.35,2017.0,2038.52,40032,5,0
2023-05-04 00:00:00,2044.73,2078.37,2043.91,2054.36,14622,0,0
2023-05-04 04:00:00,2054.36,2054.84,2038.22,2044.21,19361,5,0
2023-05-04 08:00:00,2044.16,2045.35,2030.33,2034.44,25683,4,0
2023-05-04 12:00:00,2034.44,2044.89,2033.67,2036.89,29159,5,0
2023-05-04 16:00:00,2036.89,2059.53,2032.05,2050.76,62292,0,0
2023-05-04 20:00:00,2050.74,2050.99,2044.46,2050.09,27098,5,0
2023-05-05 00:00:00,2049.73,2050.01,2047.4,2048.86,4376,5,0
2023-05-05 04:00:00,2048.83,2052.93,2045.43,2048.46,13411,5,0
2023-05-05 08:00:00,2048.47,2049.59,2038.78,2039.88,19709,5,0
2023-05-05 12:00:00,2039.96,2040.26,2007.77,2010.36,25792,3,0
2023-05-05 16:00:00,2010.45,2018.71,1999.46,2017.06,44699,5,0
2023-05-05 20:00:00,2017.07,2018.89,2013.45,2015.92,15565,5,0
2023-05-08 00:00:00,2016.06,2018.6,2014.21,2018.0,6218,6,0
2023-05-08 04:00:00,2017.99,2024.58,2015.1,2023.67,13977,5,0
2023-05-08 08:00:00,2023.69,2024.66,2019.94,2022.49,13942,5,0
2023-05-08 12:00:00,2022.49,2026.93,2021.48,2026.05,17003,5,0
2023-05-08 16:00:00,2026.08,2029.36,2017.85,2027.08,29530,5,0
2023-05-08 20:00:00,2027.08,2027.9,2020.17,2021.33,12605,5,0
2023-05-09 00:00:00,2020.84,2022.38,2019.46,2020.08,5195,12,0
2023-05-09 04:00:00,2020.08,2026.78,2019.81,2025.59,10943,5,0
2023-05-09 08:00:00,2025.59,2028.71,2021.39,2025.27,17883,5,0
2023-05-09 12:00:00,2025.49,2032.77,2024.82,2026.89,19473,5,0
2023-05-09 16:00:00,2027.08,2032.56,2022.92,2030.93,29338,5,0
2023-05-09 20:00:00,2030.94,2037.57,2030.67,2034.38,13780,5,0
2023-05-10 00:00:00,2033.87,2038.15,2033.83,2036.43,5115,6,0
2023-05-10 04:00:00,2036.43,2037.02,2029.68,2030.69,10516,5,0
2023-05-10 08:00:00,2030.7,2032.93,2026.24,2028.44,16182,5,0
2023-05-10 12:00:00,2028.41,2048.13,2025.0,2045.61,22400,5,0
2023-05-10 16:00:00,2045.61,2046.7,2021.47,2027.81,44912,5,0
2023-05-10 20:00:00,2027.87,2034.14,2027.34,2030.17,15837,5,0
2023-05-11 00:00:00,2030.0,2035.4,2029.54,2035.23,5064,5,0
2023-05-11 04:00:00,2035.24,2036.32,2030.06,2031.02,12805,5,0
2023-05-11 08:00:00,2031.0,2033.1,2021.75,2022.52,21209,5,0
2023-05-11 12:00:00,2022.55,2041.19,2021.58,2037.44,31659,5,0
2023-05-11 16:00:00,2037.43,2038.05,2011.1,2015.67,44509,5,0
2023-05-11 20:00:00,2015.67,2017.66,2013.44,2014.92,13213,5,0
2023-05-12 00:00:00,2014.84,2017.49,2014.7,2015.75,5629,5,0
2023-05-12 04:00:00,2015.75,2016.3,2008.68,2011.85,15986,5,0
2023-05-12 08:00:00,2011.85,2012.6,2005.53,2006.65,21718,5,0
2023-05-12 12:00:00,2006.57,2015.82,2000.89,2014.12,22889,5,0
2023-05-12 16:00:00,2014.12,2022.56,2008.36,2013.64,37238,5,0
2023-05-12 20:00:00,2013.61,2016.39,2010.36,2010.78,12768,5,0
2023-05-15 00:00:00,2007.9,2011.99,2007.18,2011.94,5215,5,0
2023-05-15 04:00:00,2012.0,2018.8,2012.0,2014.22,15172,5,0
2023-05-15 08:00:00,2014.22,2020.9,2013.26,2017.35,19394,5,0
2023-05-15 12:00:00,2017.34,2019.22,2011.47,2017.07,18695,5,0
2023-05-15 16:00:00,2017.05,2022.13,2013.3,2020.25,26869,5,0
2023-05-15 20:00:00,2020.24,2021.44,2014.39,2016.34,10043,5,0
2023-05-16 00:00:00,2015.81,2016.62,2013.75,2015.67,3950,5,0
2023-05-16 04:00:00,2015.66,2018.31,2014.75,2016.16,10169,5,0
2023-05-16 08:00:00,2016.17,2017.66,2002.59,2010.08,21980,8,0
2023-05-16 12:00:00,2010.08,2014.82,2001.14,2012.0,21637,0,0
2023-05-16 16:00:00,2011.94,2012.4,1987.45,1987.53,41969,8,0
2023-05-16 20:00:00,1987.49,1991.16,1985.42,1988.78,16869,8,0
2023-05-17 00:00:00,1989.06,1992.96,1987.96,1992.01,4382,9,0
2023-05-17 04:00:00,1992.01,1992.96,1989.84,1991.44,12790,9,0
2023-05-17 08:00:00,1991.45,1991.74,1985.86,1986.07,18670,8,0
2023-05-17 12:00:00,1986.08,1988.82,1981.81,1984.89,19775,8,0
2023-05-17 16:00:00,1984.86,1987.98,1974.98,1983.78,34690,8,0
2023-05-17 20:00:00,1983.77,1984.48,1980.36,1981.51,14013,8,0
2023-05-18 00:00:00,1981.05,1983.64,1980.5,1983.46,3149,8,0
2023-05-18 04:00:00,1983.43,1985.95,1979.42,1979.75,13265,8,0
2023-05-18 08:00:00,1979.79,1981.47,1972.15,1975.34,20692,8,0
2023-05-18 12:00:00,1975.34,1978.87,1966.22,1967.0,20651,8,0
2023-05-18 16:00:00,1967.03,1968.21,1951.91,1955.63,37888,8,0
2023-05-18 20:00:00,1955.66,1958.89,1953.93,1957.39,12178,8,0
2023-05-19 00:00:00,1957.88,1959.72,1957.09,1957.6,4608,9,0
2023-05-19 04:00:00,1957.6,1964.13,1953.96,1962.51,14670,6,0
2023-05-19 08:00:00,1962.52,1968.71,1960.58,1964.67,18843,6,0
2023-05-19 12:00:00,1964.73,1968.21,1960.34,1960.89,21511,6,0
2023-05-19 16:00:00,1960.85,1984.19,1957.13,1978.34,48043,6,0
2023-05-19 20:00:00,1978.34,1983.2,1974.21,1977.56,17156,6,0
2023-05-22 00:00:00,1977.53,1981.45,1977.23,1980.97,6502,6,0
2023-05-22 04:00:00,1981.07,1982.37,1975.93,1976.3,16309,6,0
2023-05-22 08:00:00,1976.29,1980.76,1971.19,1980.66,20411,6,0
2023-05-22 12:00:00,1980.66,1982.61,1969.77,1975.48,21100,6,0
2023-05-22 16:00:00,1975.48,1978.71,1968.84,1974.5,32277,6,0
2023-05-22 20:00:00,1974.51,1978.88,1971.53,1971.66,12723,6,0
2023-05-23 00:00:00,1971.82,1972.56,1966.7,1967.26,5519,7,0
2023-05-23 04:00:00,1967.12,1968.54,1960.2,1963.34,17393,6,0
2023-05-23 08:00:00,1963.33,1964.55,1954.22,1959.8,23085,6,0
2023-05-23 12:00:00,1959.8,1962.62,1954.43,1958.76,21304,6,0
2023-05-23 16:00:00,1958.79,1974.62,1958.79,1973.06,40589,6,0
2023-05-23 20:00:00,1973.18,1977.67,1971.46,1974.91,17089,6,0
2023-05-24 00:00:00,1975.1,1977.25,1974.43,1974.99,4559,6,0
2023-05-24 04:00:00,1975.01,1978.65,1972.71,1977.54,13978,6,0
2023-05-24 08:00:00,1977.62,1980.56,1970.64,1976.24,22892,6,0
2023-05-24 12:00:00,1976.25,1985.28,1973.88,1979.82,22108,6,0
2023-05-24 16:00:00,1979.85,1980.84,1956.71,1959.04,36060,6,0
2023-05-24 20:00:00,1959.04,1965.21,1957.03,1957.16,18652,6,0
2023-05-25 00:00:00,1957.39,1961.82,1957.32,1959.39,6826,6,0
2023-05-25 04:00:00,1959.32,1960.1,1954.99,1957.87,15954,6,0
2023-05-25 08:00:00,1957.85,1964.76,1954.91,1962.02,20472,6,0
2023-05-25 12:00:00,1962.01,1963.95,1939.25,1943.61,24467,6,0
2023-05-25 16:00:00,1943.48,1954.01,1942.91,1943.54,40660,6,0
2023-05-25 20:00:00,1943.54,1944.98,1938.86,1940.69,14001,6,0
2023-05-26 00:00:00,1940.33,1943.12,1936.7,1940.85,6404,6,0
2023-05-26 04:00:00,1940.9,1948.91,1940.31,1947.85,16075,6,0
2023-05-26 08:00:00,1947.85,1957.21,1946.92,1952.56,22112,6,0
2023-05-26 12:00:00,1952.55,1954.14,1944.24,1947.33,21151,0,0
2023-05-26 16:00:00,1947.3,1951.8,1938.73,1944.12,40159,6,0
2023-05-26 20:00:00,1944.1,1947.59,1943.0,1946.48,11571,6,0
2023-05-29 00:00:00,1941.94,1946.23,1941.01,1941.52,6219,6,0
2023-05-29 04:00:00,1941.51,1946.17,1940.18,1945.75,11328,6,0
2023-05-29 08:00:00,1945.75,1948.85,1940.81,1945.27,12071,6,0
2023-05-29 12:00:00,1945.23,1949.7,1944.19,1948.82,10931,6,0
2023-05-29 16:00:00,1948.82,1949.62,1943.09,1943.46,10799,6,0
2023-05-29 20:00:00,1943.46,1944.05,1942.69,1942.96,908,7,0
2023-05-30 00:00:00,1943.42,1944.22,1940.97,1942.67,6077,6,0
2023-05-30 04:00:00,1942.65,1946.63,1937.88,1938.91,16917,6,0
2023-05-30 08:00:00,1938.86,1946.99,1931.99,1944.97,25393,6,0
2023-05-30 12:00:00,1944.95,1962.26,1942.36,1956.43,27360,6,0
2023-05-30 16:00:00,1956.45,1963.47,1950.46,1959.75,32598,6,0
2023-05-30 20:00:00,1959.75,1960.76,1957.69,1959.23,11003,6,0
2023-05-31 00:00:00,1959.21,1960.0,1957.42,1959.59,4322,6,0
2023-05-31 04:00:00,1959.59,1960.43,1953.64,1960.05,15465,6,0
2023-05-31 08:00:00,1960.05,1965.31,1955.18,1955.31,25106,6,0
2023-05-31 12:00:00,1955.11,1963.51,1954.87,1962.69,17500,6,0
2023-05-31 16:00:00,1962.71,1974.7,1959.35,1965.14,40543,6,0
2023-05-31 20:00:00,1965.14,1968.69,1962.35,1962.55,18346,6,0
2023-06-01 00:00:00,1962.72,1967.41,1962.32,1965.87,5671,6,0
2023-06-01 04:00:00,1965.86,1967.43,1961.95,1963.95,16645,6,0
2023-06-01 08:00:00,1963.95,1965.77,1953.31,1955.9,19909,5,0
2023-06-01 12:00:00,1955.95,1968.38,1955.29,1968.36,25275,5,0
2023-06-01 16:00:00,1968.34,1983.09,1965.99,1978.41,39141,5,0
2023-06-01 20:00:00,1978.38,1978.8,1975.63,1977.37,10480,5,0
2023-06-02 00:00:00,1977.19,1977.46,1975.51,1975.79,4305,5,0
2023-06-02 04:00:00,1975.85,1983.39,1973.98,1979.7,13668,5,0
2023-06-02 08:00:00,1979.69,1981.91,1974.98,1979.11,17147,5,0
2023-06-02 12:00:00,1979.08,1981.13,1968.62,1970.95,21848,5,0
2023-06-02 16:00:00,1970.9,1976.59,1952.21,1952.26,40630,5,0
2023-06-02 20:00:00,1952.26,1953.82,1947.94,1948.23,13457,5,0
2023-06-05 00:00:00,1946.06,1950.07,1945.64,1946.45,6354,5,0
2023-06-05 04:00:00,1946.51,1948.28,1943.98,1946.03,15378,5,0
2023-06-05 08:00:00,1946.04,1946.59,1938.51,1942.31,18159,5,0
2023-06-05 12:00:00,1942.32,1945.96,1938.09,1942.91,16882,5,0
2023-06-05 16:00:00,1942.8,1961.87,1942.71,1958.23,34114,5,0
2023-06-05 20:00:00,1958.24,1963.98,1957.28,1961.68,13664,5,0
2023-06-06 00:00:00,1961.44,1963.09,1960.5,1961.08,4606,5,0
2023-06-06 04:00:00,1961.08,1964.53,1958.98,1961.2,13740,5,0
2023-06-06 08:00:00,1961.24,1962.7,1956.8,1960.2,21130,5,0
2023-06-06 12:00:00,1960.23,1966.35,1959.84,1961.83,19181,5,0
2023-06-06 16:00:00,1961.83,1966.32,1954.3,1963.59,29817,5,0
2023-06-06 20:00:00,1963.58,1966.05,1962.29,1963.22,9992,6,0
2023-06-07 00:00:00,1963.38,1965.05,1962.64,1964.83,4150,5,0
2023-06-07 04:00:00,1964.83,1966.75,1962.88,1964.47,11899,6,0
2023-06-07 08:00:00,1964.47,1965.01,1954.9,1961.57,16846,5,0
2023-06-07 12:00:00,1961.58,1966.37,1957.13,1958.6,18485,5,0
2023-06-07 16:00:00,1958.57,1970.16,1940.86,1942.16,40399,5,0
2023-06-07 20:00:00,1942.18,1946.55,1939.71,1939.82,13480,5,0
2023-06-08 00:00:00,1940.31,1946.24,1939.61,1946.16,5923,6,0
2023-06-08 04:00:00,1946.16,1947.29,1944.43,1946.56,13109,5,0
2023-06-08 08:00:00,1946.56,1949.07,1942.76,1948.27,17656,5,0
2023-06-08 12:00:00,1948.27,1959.94,1944.93,1959.25,21357,5,0
2023-06-08 16:00:00,1959.25,1970.57,1957.1,1966.3,35134,5,0
2023-06-08 20:00:00,1966.22,1966.62,1961.76,1965.47,11585,5,0
2023-06-09 00:00:00,1965.73,1966.48,1963.33,1963.33,3752,5,0
2023-06-09 04:00:00,1963.35,1965.63,1962.34,1963.09,9805,8,0
2023-06-09 08:00:00,1963.1,1966.08,1960.61,1962.11,15908,5,0
2023-06-09 12:00:00,1962.15,1973.03,1961.62,1962.89,18843,5,0
2023-06-09 16:00:00,1962.88,1968.06,1956.56,1961.21,31442,5,0
2023-06-09 20:00:00,1961.17,1962.83,1959.63,1960.44,9888,5,0
2023-06-12 00:00:00,1959.64,1960.51,1957.97,1958.26,5210,5,0
2023-06-12 04:00:00,1958.24,1959.52,1954.2,1956.92,12237,5,0
2023-06-12 08:00:00,1956.94,1965.41,1956.51,1964.86,18380,5,0
2023-06-12 12:00:00,1964.86,1966.93,1961.06,1962.78,18327,5,0
2023-06-12 16:00:00,1962.81,1963.99,1949.14,1954.16,31939,5,0
2023-06-12 20:00:00,1954.16,1958.73,1953.14,1957.37,11911,5,0
2023-06-13 00:00:00,1957.28,1960.86,1956.79,1957.87,3911,7,0
2023-06-13 04:00:00,1957.87,1962.15,1955.9,1960.88,12447,5,0
2023-06-13 08:00:00,1960.88,1965.33,1958.25,1964.17,17641,5,0
2023-06-13 12:00:00,1964.23,1970.95,1950.57,1961.33,22936,5,0
2023-06-13 16:00:00,1961.32,1965.9,1942.01,1944.9,39445,5,0
2023-06-13 20:00:00,1944.95,1946.64,1940.0,1943.39,15359,5,0
2023-06-14 00:00:00,1943.08,1945.57,1942.13,1944.4,4797,5,0
2023-06-14 04:00:00,1944.39,1949.49,1944.05,1948.79,10883,5,0
2023-06-14 08:00:00,1948.78,1951.51,1945.22,1949.8,16038,5,0
2023-06-14 12:00:00,1949.8,1960.18,1945.76,1957.14,18851,5,0
2023-06-14 16:00:00,1957.01,1959.24,1954.89,1955.04,25348,5,0
2023-06-14 20:00:00,1955.04,1955.8,1939.65,1941.76,35365,5,0
2023-06-15 00:00:00,1941.53,1945.25,1936.16,1939.26,6329,5,0
2023-06-15 04:00:00,1939.2,1939.29,1932.37,1934.43,18796,5,0
2023-06-15 08:00:00,1934.43,1939.8,1928.92,1931.6,24778,5,0
2023-06-15 12:00:00,1931.61,1936.75,1924.54,1933.46,26181,5,0
2023-06-15 16:00:00,1933.39,1960.14,1933.37,1959.5,37600,5,0
2023-06-15 20:00:00,1959.5,1960.24,1956.9,1957.87,12112,5,0
2023-06-16 00:00:00,1957.38,1959.35,1956.52,1956.81,4272,6,0
2023-06-16 04:00:00,1956.81,1962.02,1954.91,1955.37,14504,5,0
2023-06-16 08:00:00,1955.41,1963.98,1954.61,1963.13,21754,5,0
2023-06-16 12:00:00,1963.13,1967.88,1962.36,1962.57,19709,5,0
2023-06-16 16:00:00,1962.6,1966.02,1953.24,1955.19,37773,0,0
2023-06-16 20:00:00,1955.19,1959.72,1955.12,1957.34,10820,5,0
2023-06-19 00:00:00,1957.93,1958.65,1956.2,1956.66,4109,8,0
2023-06-19 04:00:00,1956.66,1958.26,1953.95,1957.0,10619,5,0
2023-06-19 08:00:00,1957.0,1958.71,1952.69,1956.41,14141,5,0
2023-06-19 12:00:00,1956.42,1956.58,1947.74,1952.13,13054,5,0
2023-06-19 16:00:00,1952.13,1953.44,1949.96,1950.19,14435,5,0
2023-06-19 20:00:00,1950.19,1950.59,1949.45,1950.32,1196,11,0
2023-06-20 00:00:00,1950.8,1954.08,1950.5,1951.0,4777,5,0
2023-06-20 04:00:00,1951.0,1951.76,1945.06,1949.82,13768,5,0
2023-06-20 08:00:00,1949.81,1956.72,1946.82,1953.25,18727,5,0
2023-06-20 12:00:00,1953.33,1954.5,1944.19,1944.66,20094,5,0
2023-06-20 16:00:00,1944.58,1945.15,1929.73,1937.53,37218,5,0
2023-06-20 20:00:00,1937.53,1938.62,1935.36,1936.15,12631,5,0
2023-06-21 00:00:00,1936.2,1938.82,1936.2,1936.8,5497,9,0
2023-06-21 04:00:00,1936.78,1939.45,1935.4,1935.81,12350,5,0
2023-06-21 08:00:00,1935.81,1937.36,1931.2,1934.57,18872,5,0
2023-06-21 12:00:00,1934.59,1935.83,1925.94,1929.84,22470,5,0
2023-06-21 16:00:00,1929.8,1934.58,1919.14,1933.32,39891,5,0
2023-06-21 20:00:00,1933.28,1937.56,1931.88,1932.62,14238,5,0
2023-06-22 00:00:00,1932.68,1934.84,1932.28,1932.28,4470,6,0
2023-06-22 04:00:00,1932.23,1934.19,1929.7,1929.7,7569,5,0
2023-06-22 08:00:00,1929.69,1931.45,1924.91,1927.34,17870,5,0
2023-06-22 12:00:00,1927.34,1930.93,1923.42,1923.42,23422,5,0
2023-06-22 16:00:00,1923.42,1927.39,1912.76,1915.48,34265,5,0
2023-06-22 20:00:00,1915.48,1916.72,1912.35,1913.63,12529,5,0
2023-06-23 00:00:00,1913.89,1916.02,1913.25,1915.55,4404,8,0
2023-06-23 04:00:00,1915.55,1917.15,1910.04,1916.5,11821,7,0
2023-06-23 08:00:00,1916.47,1920.03,1912.9,1917.62,22111,5,0
2023-06-23 12:00:00,1917.65,1929.69,1916.56,1928.87,19827,5,0
2023-06-23 16:00:00,1928.92,1937.42,1917.9,1918.66,35959,5,0
2023-06-23 20:00:00,1918.66,1921.44,1918.43,1921.43,10212,5,0
2023-06-26 00:00:00,1924.89,1926.96,1922.64,1926.37,6124,5,0
2023-06-26 04:00:00,1926.33,1928.48,1924.1,1925.05,13401,5,0
2023-06-26 08:00:00,1925.03,1933.26,1922.11,1931.72,17767,5,0
2023-06-26 12:00:00,1931.68,1933.3,1929.27,1931.49,15150,5,0
2023-06-26 16:00:00,1931.49,1931.62,1921.45,1923.72,27474,5,0
2023-06-26 20:00:00,1923.69,1925.23,1922.34,1922.99,10735,5,0
2023-06-27 00:00:00,1923.18,1924.66,1920.96,1922.66,4319,10,0
2023-06-27 04:00:00,1922.69,1930.35,1922.56,1928.44,13951,7,0
2023-06-27 08:00:00,1928.44,1929.71,1924.13,1925.53,16924,5,0
2023-06-27 12:00:00,1925.5,1930.38,1919.64,1926.21,16763,5,0
2023-06-27 16:00:00,1926.15,1930.63,1911.49,1914.55,34401,5,0
2023-06-27 20:00:00,1914.55,1915.82,1910.95,1913.52,12688,5,0
2023-06-28 00:00:00,1914.02,1917.16,1913.98,1916.16,4186,5,0
2023-06-28 04:00:00,1916.16,1916.78,1913.37,1915.19,11673,6,0
2023-06-28 08:00:00,1915.19,1916.76,1908.19,1909.91,17115,5,0
2023-06-28 12:00:00,1909.88,1911.91,1905.55,1906.9,17526,5,0
2023-06-28 16:00:00,1906.9,1913.27,1902.79,1912.2,35464,5,0
2023-06-28 20:00:00,1912.23,1913.35,1906.71,1907.29,10847,5,0
2023-06-29 00:00:00,1907.62,1910.67,1907.27,1909.93,4608,8,0
2023-06-29 04:00:00,1909.93,1912.76,1902.74,1905.25,14205,5,0
2023-06-29 08:00:00,1905.28,1908.06,1902.47,1906.1,18770,5,0
2023-06-29 12:00:00,1906.15,1912.1,1895.45,1896.09,20130,5,0
2023-06-29 16:00:00,1896.1,1913.03,1892.94,1910.21,37880,5,0
2023-06-29 20:00:00,1910.17,1910.75,1906.19,1908.12,11356,5,0
2023-06-30 00:00:00,1908.44,1909.17,1906.99,1908.66,4815,7,0
2023-06-30 04:00:00,1908.7,1909.67,1906.79,1908.14,11941,6,0
2023-06-30 08:00:00,1908.2,1909.89,1900.5,1901.82,17432,5,0
2023-06-30 12:00:00,1902.11,1913.74,1901.46,1910.97,20492,5,0
2023-06-30 16:00:00,1910.92,1920.5,1909.72,1920.02,36500,5,0
2023-06-30 20:00:00,1920.02,1922.76,1917.8,1919.13,13851,5,0
2023-07-03 00:00:00,1918.63,1919.53,1916.72,1917.06,4871,5,0
2023-07-03 04:00:00,1917.05,1920.16,1914.58,1920.05,12567,5,0
2023-07-03 08:00:00,1920.05,1920.53,1910.0,1912.06,17592,5,0
2023-07-03 12:00:00,1912.05,1922.03,1911.6,1921.9,15664,5,0
2023-07-03 16:00:00,1921.91,1930.93,1919.44,1922.02,31862,5,0
2023-07-03 20:00:00,1922.11,1922.11,1920.56,1921.42,4561,6,0
2023-07-04 00:00:00,1921.23,1922.0,1919.86,1921.13,3381,6,0
2023-07-04 04:00:00,1921.14,1924.43,1919.98,1924.19,10675,5,0
2023-07-04 08:00:00,1924.16,1928.75,1923.22,1928.49,13189,6,0
2023-07-04 12:00:00,1928.5,1930.66,1926.18,1926.73,12146,5,0
2023-07-04 16:00:00,1926.73,1929.5,1924.01,1924.13,10471,6,0
2023-07-04 20:00:00,1924.13,1925.91,1923.9,1925.61,1457,12,0
2023-07-05 00:00:00,1925.35,1927.09,1924.55,1926.68,4565,5,0
2023-07-05 04:00:00,1926.68,1926.78,1923.12,1925.5,10281,6,0
2023-07-05 08:00:00,1925.5,1928.06,1920.81,1926.9,16744,5,0
2023-07-05 12:00:00,1926.9,1930.06,1925.08,1929.29,16478,5,0
2023-07-05 16:00:00,1929.29,1935.02,1919.04,1921.52,34766,5,0
2023-07-05 20:00:00,1921.53,1921.53,1914.77,1915.08,14722,5,0
2023-07-06 00:00:00,1915.28,1917.87,1915.28,1917.29,4178,5,0
2023-07-06 04:00:00,1917.3,1919.67,1916.36,1917.84,11852,5,0
2023-07-06 08:00:00,1917.84,1921.48,1916.22,1918.02,15342,5,0
2023-07-06 12:00:00,1918.02,1927.59,1902.61,1906.25,27216,5,0
2023-07-06 16:00:00,1906.31,1914.97,1902.71,1909.81,42271,5,0
2023-07-06 20:00:00,1909.81,1911.9,1908.87,1910.8,8633,5,0
2023-07-07 00:00:00,1910.68,1912.37,1909.52,1910.57,4160,7,0
2023-07-07 04:00:00,1910.57,1912.27,1909.84,1912.07,9330,7,0
2023-07-07 08:00:00,1912.07,1916.46,1911.87,1915.53,15864,5,0
2023-07-07 12:00:00,1915.57,1928.28,1914.23,1918.82,23937,5,0
2023-07-07 16:00:00,1918.79,1934.9,1915.47,1926.85,40943,5,0
2023-07-07 20:00:00,1926.85,1928.02,1924.27,1925.1,11230,5,0
2023-07-10 00:00:00,1924.58,1928.13,1922.81,1924.2,6499,5,0
2023-07-10 04:00:00,1924.22,1926.85,1920.97,1921.19,12865,6,0
2023-07-10 08:00:00,1921.19,1925.66,1919.32,1925.13,15689,5,0
2023-07-10 12:00:00,1925.13,1926.19,1912.62,1913.96,18361,5,0
2023-07-10 16:00:00,1914.0,1925.95,1913.96,1925.54,28366,5,0
2023-07-10 20:00:00,1925.57,1926.81,1924.84,1925.17,10534,5,0
2023-07-11 00:00:00,1925.33,1927.13,1924.34,1926.31,3614,6,0
2023-07-11 04:00:00,1926.31,1929.42,1924.86,1929.39,14357,5,0
2023-07-11 08:00:00,1929.39,1938.37,1928.1,1936.64,22082,5,0
2023-07-11 12:00:00,1936.71,1938.41,1929.44,1932.02,20407,5,0
2023-07-11 16:00:00,1932.02,1935.37,1929.3,1932.37,28433,5,0
2023-07-11 20:00:00,1932.37,1932.57,1930.47,1932.08,8151,5,0
2023-07-12 00:00:00,1932.27,1936.2,1932.16,1935.67,5094,5,0
2023-07-12 04:00:00,1935.69,1940.95,1935.6,1938.87,13267,5,0
2023-07-12 08:00:00,1938.87,1940.21,1933.7,1934.79,16035,5,0
2023-07-12 12:00:00,1934.8,1950.03,1932.77,1943.19,23602,0,0
2023-07-12 16:00:00,1943.16,1959.43,1940.92,1959.16,42858,5,0
2023-07-12 20:00:00,1959.19,1959.65,1955.7,1957.32,13066,5,0
2023-07-13 00:00:00,1957.06,1958.86,1956.48,1957.0,5074,5,0
2023-07-13 04:00:00,1957.01,1962.28,1956.36,1957.22,15422,5,0
2023-07-13 08:00:00,1957.22,1963.34,1955.23,1960.89,20733,5,0
2023-07-13 12:00:00,1960.89,1963.47,1952.39,1957.6,22831,5,0
2023-07-13 16:00:00,1957.6,1961.87,1954.68,1958.81,36946,5,0
2023-07-13 20:00:00,1958.81,1960.82,1957.58,1960.35,12219,5,0
2023-07-14 00:00:00,1960.28,1961.81,1958.3,1959.33,5856,5,0
2023-07-14 04:00:00,1959.3,1963.71,1958.43,1960.35,15631,5,0
2023-07-14 08:00:00,1960.35,1961.26,1954.3,1956.11,20229,5,0
2023-07-14 12:00:00,1956.07,1962.73,1955.13,1957.49,18577,5,0
2023-07-14 16:00:00,1957.45,1961.98,1950.9,1958.94,39901,5,0
2023-07-14 20:00:00,1958.97,1961.02,1954.32,1955.32,11405,5,0
2023-07-17 00:00:00,1954.68,1955.72,1951.32,1954.58,5584,7,0
2023-07-17 04:00:00,1954.58,1955.9,1950.93,1953.58,11486,5,0
2023-07-17 08:00:00,1953.58,1957.44,1950.58,1955.74,17347,5,0
2023-07-17 12:00:00,1955.84,1959.8,1948.09,1948.6,20581,5,0
2023-07-17 16:00:00,1948.66,1955.6,1945.74,1954.55,28195,5,0
2023-07-17 20:00:00,1954.6,1956.35,1952.42,1954.79,8149,5,0
2023-07-18 00:00:00,1954.54,1956.78,1954.5,1955.36,3928,6,0
2023-07-18 04:00:00,1955.38,1961.01,1955.07,1960.0,14284,5,0
2023-07-18 08:00:00,1960.0,1964.08,1957.76,1961.66,19677,5,0
2023-07-18 12:00:00,1961.66,1972.05,1960.69,1968.68,26751,5,0
2023-07-18 16:00:00,1968.67,1984.35,1963.71,1977.86,43501,5,0
2023-07-18 20:00:00,1977.87,1978.91,1974.95,1978.73,14406,5,0
2023-07-19 00:00:00,1978.71,1979.1,1976.57,1978.42,6160,5,0
2023-07-19 04:00:00,1978.42,1978.48,1974.04,1974.76,15923,5,0
2023-07-19 08:00:00,1974.76,1980.85,1972.97,1977.48,23494,5,0
2023-07-19 12:00:00,1977.48,1979.54,1971.56,1977.51,24687,5,0
2023-07-19 16:00:00,1977.51,1979.83,1969.72,1977.48,35741,5,0
2023-07-19 20:00:00,1977.48,1978.88,1976.17,1976.84,10522,5,0
2023-07-20 00:00:00,1975.79,1979.25,1975.47,1979.01,5607,5,0
2023-07-20 04:00:00,1978.99,1987.41,1978.92,1984.61,19036,5,0
2023-07-20 08:00:00,1984.61,1984.72,1977.82,1981.56,23404,5,0
2023-07-20 12:00:00,1981.54,1983.21,1972.37,1973.94,22996,5,0
2023-07-20 16:00:00,1973.95,1980.1,1965.31,1967.91,42515,5,0
2023-07-20 20:00:00,1967.91,1971.48,1967.91,1969.35,12414,5,0
2023-07-21 00:00:00,1970.19,1973.35,1970.01,1972.89,5607,5,0
2023-07-21 04:00:00,1972.9,1973.72,1969.04,1969.9,15385,6,0
2023-07-21 08:00:00,1969.91,1972.17,1961.16,1961.44,23624,5,0
2023-07-21 12:00:00,1961.44,1968.07,1961.05,1963.06,22707,5,0
2023-07-21 16:00:00,1963.07,1965.35,1956.78,1963.52,37155,5,0
2023-07-21 20:00:00,1963.52,1964.83,1961.44,1961.87,9913,5,0
2023-07-24 00:00:00,1962.41,1962.86,1959.88,1961.72,5444,5,0
2023-07-24 04:00:00,1961.72,1962.61,1958.98,1960.58,14672,5,0
2023-07-24 08:00:00,1960.58,1965.65,1957.85,1959.59,22099,5,0
2023-07-24 12:00:00,1959.62,1967.81,1959.41,1967.37,19116,5,0
2023-07-24 16:00:00,1967.4,1967.49,1957.07,1959.85,38941,5,0
2023-07-24 20:00:00,1959.85,1960.67,1953.42,1954.75,12968,5,0
2023-07-25 00:00:00,1955.23,1955.63,1953.17,1955.24,4328,5,0
2023-07-25 04:00:00,1955.3,1963.52,1955.3,1960.55,16243,5,0
2023-07-25 08:00:00,1960.55,1964.14,1959.34,1962.87,21040,5,0
2023-07-25 12:00:00,1962.87,1963.68,1953.09,1959.34,18914,5,0
2023-07-25 16:00:00,1959.35,1965.7,1951.34,1962.37,25122,5,0
2023-07-25 20:00:00,1962.37,1965.2,1961.24,1964.83,11154,5,0
2023-07-26 00:00:00,1965.06,1966.24,1963.91,1964.91,3819,5,0
2023-07-26 04:00:00,1964.88,1965.58,1961.97,1963.03,11718,5,0
2023-07-26 08:00:00,1963.03,1972.46,1962.34,1972.04,18257,5,0
2023-07-26 12:00:00,1972.23,1974.15,1969.58,1972.24,17489,5,0
2023-07-26 16:00:00,1972.17,1975.02,1963.91,1970.31,32571,5,0
2023-07-26 20:00:00,1970.28,1978.32,1965.1,1972.08,29796,5,0
2023-07-27 00:00:00,1971.23,1974.72,1970.75,1972.36,4670,5,0
2023-07-27 04:00:00,1972.16,1982.12,1972.16,1976.62,13593,5,0
2023-07-27 08:00:00,1976.62,1982.15,1973.98,1975.86,19979,5,0
2023-07-27 12:00:00,1975.86,1979.08,1957.88,1960.14,23931,5,0
2023-07-27 16:00:00,1960.16,1960.37,1942.54,1944.21,38677,5,0
2023-07-27 20:00:00,1944.27,1949.66,1943.38,1945.49,18582,5,0
2023-07-28 00:00:00,1946.42,1948.04,1945.43,1946.9,6901,5,0
2023-07-28 04:00:00,1946.9,1956.73,1946.56,1951.79,24740,5,0
2023-07-28 08:00:00,1951.79,1953.48,1947.79,1949.46,24117,5,0
2023-07-28 12:00:00,1949.45,1961.16,1948.31,1955.57,22238,5,0
2023-07-28 16:00:00,1955.54,1963.49,1952.23,1961.06,29195,5,0
2023-07-28 20:00:00,1961.06,1962.38,1957.45,1959.0,8480,5,0
2023-07-31 00:00:00,1958.87,1960.46,1956.32,1958.15,5422,5,0
2023-07-31 04:00:00,1958.19,1958.53,1953.38,1954.42,15327,5,0
2023-07-31 08:00:00,1954.42,1957.07,1950.68,1953.52,15718,5,0
2023-07-31 12:00:00,1953.5,1966.98,1953.28,1965.47,17964,5,0
2023-07-31 16:00:00,1965.47,1972.35,1962.76,1970.93,26207,5,0
2023-07-31 20:00:00,1970.94,1971.99,1964.23,1965.37,10256,5,0
2023-08-01 00:00:00,1965.64,1965.96,1962.95,1963.38,4056,6,0
2023-08-01 04:00:00,1963.35,1963.93,1958.86,1959.64,12575,5,0
2023-08-01 08:00:00,1959.59,1960.17,1954.4,1955.81,16326,5,0
2023-08-01 12:00:00,1955.8,1957.71,1945.93,1946.8,19123,5,0
2023-08-01 16:00:00,1946.9,1953.66,1941.41,1943.12,32955,5,0
2023-08-01 20:00:00,1943.12,1945.56,1941.21,1944.04,8277,5,0
2023-08-02 00:00:00,1949.5,1952.85,1948.36,1949.25,8877,5,0
2023-08-02 04:00:00,1949.23,1949.83,1945.24,1946.32,11972,5,0
2023-08-02 08:00:00,1946.32,1951.87,1946.31,1949.8,17573,5,0
2023-08-02 12:00:00,1949.8,1954.75,1943.67,1945.61,21835,5,0
2023-08-02 16:00:00,1945.54,1947.62,1933.0,1935.63,34664,5,0
2023-08-02 20:00:00,1935.64,1939.09,1934.38,1934.75,8221,5,0
2023-08-03 00:00:00,1935.04,1936.97,1934.37,1935.47,3683,5,0
2023-08-03 04:00:00,1935.47,1938.83,1933.86,1934.02,9947,7,0
2023-08-03 08:00:00,1934.02,1938.38,1930.9,1937.75,19469,5,0
2023-08-03 12:00:00,1937.75,1938.37,1929.48,1932.88,23955,5,0
2023-08-03 16:00:00,1932.78,1938.7,1930.28,1935.63,34800,5,0
2023-08-03 20:00:00,1935.64,1935.83,1932.32,1934.03,8784,5,0
2023-08-04 00:00:00,1934.24,1936.99,1934.18,1936.66,4712,5,0
2023-08-04 04:00:00,1936.66,1937.97,1933.17,1934.5,13671,5,0
2023-08-04 08:00:00,1934.5,1937.4,1932.03,1932.38,14878,5,0
2023-08-04 12:00:00,1932.38,1942.85,1924.83,1939.0,23114,5,0
2023-08-04 16:00:00,1938.93,1946.85,1937.53,1941.72,35982,5,0
2023-08-04 20:00:00,1941.72,1943.25,1939.54,1942.7,9011,5,0
2023-08-07 00:00:00,1942.16,1946.7,1942.09,1944.25,5774,5,0
2023-08-07 04:00:00,1944.26,1944.26,1937.41,1938.79,11475,6,0
2023-08-07 08:00:00,1938.77,1938.91,1934.45,1936.15,13451,5,0
2023-08-07 12:00:00,1936.16,1938.19,1933.33,1938.01,14426,5,0
2023-08-07 16:00:00,1938.03,1941.65,1931.42,1934.4,24136,5,0
2023-08-07 20:00:00,1934.36,1937.6,1934.09,1936.42,7695,5,0
2023-08-08 00:00:00,1936.46,1938.03,1935.1,1935.67,4792,5,0
2023-08-08 04:00:00,1935.67,1935.7,1931.08,1934.33,12213,5,0
2023-08-08 08:00:00,1934.33,1935.11,1930.16,1935.04,15725,5,0
2023-08-08 12:00:00,1935.04,1935.63,1923.76,1925.37,21715,5,0
2023-08-08 16:00:00,1925.27,1931.98,1922.72,1925.31,27351,5,0
2023-08-08 20:00:00,1925.38,1926.59,1923.57,1925.02,9477,5,0
2023-08-09 00:00:00,1925.01,1926.51,1924.52,1925.01,2483,8,0
2023-08-09 04:00:00,1925.01,1931.01,1924.17,1930.3,11187,5,0
2023-08-09 08:00:00,1930.33,1932.31,1927.4,1927.99,13745,5,0
2023-08-09 12:00:00,1927.95,1928.33,1922.1,1924.84,16303,5,0
2023-08-09 16:00:00,1924.84,1927.53,1915.54,1916.29,32931,5,0
2023-08-09 20:00:00,1916.29,1917.95,1913.98,1914.63,10673,5,0
2023-08-10 00:00:00,1914.82,1917.36,1914.66,1916.95,3636,5,0
2023-08-10 04:00:00,1916.95,1919.1,1915.32,1916.69,10179,5,0
2023-08-10 08:00:00,1916.69,1921.22,1915.49,1919.36,13984,5,0
2023-08-10 12:00:00,1919.36,1930.16,1919.15,1926.24,21281,5,0
2023-08-10 16:00:00,1926.19,1927.14,1912.84,1920.54,40894,5,0
2023-08-10 20:00:00,1920.54,1920.97,1912.1,1912.19,17901,5,0
2023-08-11 00:00:00,1912.56,1915.07,1910.76,1914.63,3560,5,0
2023-08-11 04:00:00,1914.58,1915.94,1912.55,1913.43,9151,5,0
2023-08-11 08:00:00,1913.43,1919.35,1912.71,1918.95,13885,5,0
2023-08-11 12:00:00,1918.97,1920.87,1913.12,1916.02,18294,5,0
2023-08-11 16:00:00,1916.06,1920.68,1912.91,1914.3,33282,5,0
2023-08-11 20:00:00,1914.28,1915.48,1912.15,1913.83,10119,5,0
2023-08-14 00:00:00,1913.48,1915.12,1910.64,1910.94,5074,9,0
2023-08-14 04:00:00,1910.94,1913.6,1910.09,1912.36,12367,6,0
2023-08-14 08:00:00,1912.37,1916.18,1910.58,1914.23,15519,5,0
2023-08-14 12:00:00,1914.21,1914.93,1905.92,1910.31,16964,5,0
2023-08-14 16:00:00,1910.33,1913.16,1902.66,1911.87,31359,5,0
2023-08-14 20:00:00,1911.84,1913.07,1906.97,1907.32,9814,5,0
2023-08-15 00:00:00,1907.33,1908.01,1904.93,1907.11,3520,5,0
2023-08-15 04:00:00,1907.09,1908.14,1903.67,1906.52,13265,5,0
2023-08-15 08:00:00,1906.52,1907.44,1903.12,1904.2,18719,5,0
2023-08-15 12:00:00,1904.19,1905.84,1896.35,1903.39,23051,5,0
2023-08-15 16:00:00,1903.46,1911.61,1900.03,1903.61,39991,5,0
2023-08-15 20:00:00,1903.62,1905.49,1901.28,1901.76,14634,5,0
2023-08-16 00:00:00,1901.7,1902.52,1900.22,1902.19,3812,5,0
2023-08-16 04:00:00,1902.19,1905.27,1900.46,1903.91,11822,5,0
2023-08-16 08:00:00,1903.92,1906.49,1902.77,1905.36,14001,5,0
2023-08-16 12:00:00,1905.39,1907.15,1900.05,1900.72,15224,5,0
2023-08-16 16:00:00,1900.72,1906.46,1898.21,1899.43,29192,5,0
2023-08-16 20:00:00,1899.45,1899.65,1891.72,1891.79,18539,5,0
2023-08-17 00:00:00,1892.14,1894.9,1891.02,1892.74,5487,5,0
2023-08-17 04:00:00,1892.81,1893.91,1889.58,1893.73,10824,5,0
2023-08-17 08:00:00,1893.73,1897.57,1892.04,1893.94,12725,5,0
2023-08-17 12:00:00,1893.93,1902.44,1893.6,1899.5,20411,5,0
2023-08-17 16:00:00,1899.5,1903.4,1887.78,1888.37,28345,5,0
2023-08-17 20:00:00,1888.37,1890.11,1884.99,1889.25,11287,5,0
2023-08-18 00:00:00,1889.44,1893.85,1888.97,1893.27,3945,5,0
2023-08-18 04:00:00,1893.31,1895.11,1891.13,1892.14,11923,5,0
2023-08-18 08:00:00,1892.16,1894.09,1891.37,1892.0,16109,5,0
2023-08-18 12:00:00,1892.0,1895.53,1888.65,1890.21,15451,5,0
2023-08-18 16:00:00,1890.24,1896.84,1888.64,1889.55,30001,5,0
2023-08-18 20:00:00,1889.52,1890.36,1886.73,1889.6,11314,5,0
2023-08-21 00:00:00,1889.59,1891.11,1888.8,1889.91,4019,5,0
2023-08-21 04:00:00,1889.91,1893.72,1884.75,1892.45,14943,5,0
2023-08-21 08:00:00,1892.45,1894.08,1887.34,1888.65,16111,5,0
2023-08-21 12:00:00,1888.66,1897.61,1886.76,1897.16,21405,5,0
2023-08-21 16:00:00,1897.15,1898.79,1885.25,1892.56,30991,5,0
2023-08-21 20:00:00,1892.64,1895.36,1892.52,1894.64,11319,5,0
2023-08-22 00:00:00,1894.68,1895.98,1893.63,1895.48,2926,6,0
2023-08-22 04:00:00,1895.47,1897.28,1893.81,1893.93,12167,5,0
2023-08-22 08:00:00,1893.92,1902.32,1893.89,1899.94,16159,5,0
2023-08-22 12:00:00,1900.0,1904.44,1896.27,1897.38,19005,5,0
2023-08-22 16:00:00,1897.37,1899.13,1889.13,1897.34,30064,5,0
2023-08-22 20:00:00,1897.34,1898.39,1896.38,1897.28,8301,5,0
2023-08-23 00:00:00,1897.4,1900.3,1897.34,1898.96,2348,5,0
2023-08-23 04:00:00,1898.96,1903.34,1898.76,1903.27,10679,5,0
2023-08-23 08:00:00,1903.31,1905.44,1901.71,1903.74,17657,5,0
2023-08-23 12:00:00,1903.74,1908.59,1901.25,1903.74,18010,5,0
2023-08-23 16:00:00,1903.73,1920.35,1902.97,1919.79,36625,5,0
2023-08-23 20:00:00,1919.78,1919.88,1914.41,1915.36,12504,5,0
2023-08-24 00:00:00,1915.29,1919.28,1915.23,1918.59,3556,5,0
2023-08-24 04:00:00,1918.59,1922.32,1917.53,1921.04,11658,5,0
2023-08-24 08:00:00,1921.08,1922.88,1919.48,1920.29,14719,5,0
2023-08-24 12:00:00,1920.29,1920.97,1911.77,1915.1,17476,5,0
2023-08-24 16:00:00,1915.1,1923.31,1911.94,1918.33,31753,5,0
2023-08-24 20:00:00,1918.32,1919.63,1916.24,1916.7,11177,5,0
2023-08-25 00:00:00,1917.21,1917.23,1915.15,1915.47,2852,5,0
2023-08-25 04:00:00,1915.45,1917.52,1913.15,1913.72,10282,5,0
2023-08-25 08:00:00,1913.72,1916.11,1912.78,1915.38,12932,5,0
2023-08-25 12:00:00,1915.34,1920.26,1915.16,1917.19,13545,5,0
2023-08-25 16:00:00,1917.25,1922.34,1903.77,1910.02,43753,5,0
2023-08-25 20:00:00,1910.04,1914.9,1909.91,1913.94,14048,5,0
2023-08-28 00:00:00,1915.49,1916.62,1914.29,1915.71,4316,5,0
2023-08-28 04:00:00,1915.68,1917.38,1914.7,1915.56,11531,5,0
2023-08-28 08:00:00,1915.56,1917.74,1913.45,1914.63,10214,5,0
2023-08-28 12:00:00,1914.62,1917.33,1913.35,1917.07,11525,5,0
2023-08-28 16:00:00,1917.07,1926.03,1912.75,1920.68,26007,5,0
2023-08-28 20:00:00,1920.68,1920.81,1916.87,1920.1,10254,5,0
2023-08-29 00:00:00,1920.26,1922.04,1920.09,1921.62,2164,5,0
2023-08-29 04:00:00,1921.62,1925.8,1921.31,1923.91,9277,5,0
2023-08-29 08:00:00,1923.91,1925.57,1921.59,1922.85,10906,5,0
2023-08-29 12:00:00,1922.83,1924.44,1914.4,1917.03,17335,5,0
2023-08-29 16:00:00,1917.03,1937.68,1916.73,1936.26,38113,5,0
2023-08-29 20:00:00,1936.26,1938.14,1935.14,1937.34,11664,5,0
2023-08-30 00:00:00,1937.23,1937.71,1935.9,1936.74,3488,5,0
2023-08-30 04:00:00,1936.76,1937.48,1935.35,1936.09,11530,5,0
2023-08-30 08:00:00,1936.11,1936.92,1934.93,1936.57,15067,5,0
2023-08-30 12:00:00,1936.58,1945.74,1935.96,1945.14,21570,5,0
2023-08-30 16:00:00,1945.06,1949.01,1942.85,1944.87,35015,5,0
2023-08-30 20:00:00,1944.88,1945.67,1942.08,1942.23,9921,5,0
2023-08-31 00:00:00,1942.98,1945.49,1942.94,1945.31,4205,5,0
2023-08-31 04:00:00,1945.31,1947.71,1944.68,1945.76,9676,5,0
2023-08-31 08:00:00,1945.75,1946.3,1943.2,1944.38,14346,5,0
2023-08-31 12:00:00,1944.4,1947.86,1943.0,1945.81,19076,5,0
2023-08-31 16:00:00,1945.83,1946.42,1939.08,1941.7,32768,5,0
2023-08-31 20:00:00,1941.7,1942.1,1939.08,1940.01,9305,5,0
2023-09-01 00:00:00,1940.05,1940.31,1938.64,1939.3,2874,5,0
2023-09-01 04:00:00,1939.3,1944.03,1938.21,1939.98,11136,5,0
2023-09-01 08:00:00,1939.98,1943.75,1938.42,1942.95,12630,5,0
2023-09-01 12:00:00,1942.95,1952.9,1942.87,1949.88,20313,5,0
2023-09-01 16:00:00,1949.89,1951.45,1934.49,1938.11,45523,5,0
2023-09-01 20:00:00,1938.13,1941.55,1937.32,1939.85,9452,5,0
2023-09-04 00:00:00,1940.39,1941.67,1939.38,1940.89,3103,5,0
2023-09-04 04:00:00,1940.89,1946.07,1940.44,1945.07,10620,5,0
2023-09-04 08:00:00,1945.07,1946.26,1942.66,1943.83,12741,5,0
2023-09-04 12:00:00,1943.84,1944.2,1939.83,1939.96,9714,5,0
2023-09-04 16:00:00,1939.96,1940.19,1936.77,1938.28,12430,5,0
2023-09-04 20:00:00,1938.28,1938.78,1937.87,1938.36,717,9,0
2023-09-05 00:00:00,1938.64,1938.8,1936.95,1937.82,2457,5,0
2023-09-05 04:00:00,1937.82,1938.9,1934.93,1938.52,9920,5,0
2023-09-05 08:00:00,1938.52,1938.93,1932.2,1933.41,16468,5,0
2023-09-05 12:00:00,1933.41,1934.71,1927.93,1933.76,20597,5,0
2023-09-05 16:00:00,1933.76,1934.23,1925.33,1927.25,35923,5,0
2023-09-05 20:00:00,1927.26,1927.48,1925.39,1925.95,9624,5,0
2023-09-06 00:00:00,1926.16,1926.94,1924.47,1924.72,2910,5,0
2023-09-06 04:00:00,1924.7,1927.34,1924.21,1927.19,8926,5,0
2023-09-06 08:00:00,1927.22,1928.48,1922.52,1924.71,15964,5,0
2023-09-06 12:00:00,1924.7,1927.69,1922.81,1923.18,15382,5,0
2023-09-06 16:00:00,1923.17,1929.13,1915.26,1919.99,37820,5,0
2023-09-06 20:00:00,1919.96,1920.65,1915.96,1916.38,9090,5,0
2023-09-07 00:00:00,1917.66,1918.13,1916.3,1916.79,2590,5,0
2023-09-07 04:00:00,1916.79,1920.67,1916.6,1918.95,9541,5,0
2023-09-07 08:00:00,1918.95,1919.76,1917.09,1918.82,14301,5,0
2023-09-07 12:00:00,1918.84,1923.59,1916.26,1923.24,17277,5,0
2023-09-07 16:00:00,1923.26,1923.47,1917.23,1918.03,26289,5,0
2023-09-07 20:00:00,1918.02,1920.7,1917.47,1919.58,8850,5,0
2023-09-08 00:00:00,1919.67,1924.5,1919.38,1923.69,4193,5,0
2023-09-08 04:00:00,1923.64,1927.19,1922.84,1924.51,10402,5,0
2023-09-08 08:00:00,1924.51,1927.26,1923.39,1924.67,13105,5,0
2023-09-08 12:00:00,1924.68,1926.03,1920.34,1920.4,14422,5,0
2023-09-08 16:00:00,1920.42,1929.7,1917.31,1919.66,27922,5,0
2023-09-08 20:00:00,1919.68,1920.66,1918.09,1918.98,6527,5,0
2023-09-11 00:00:00,1920.48,1920.55,1916.53,1919.98,5516,5,0
2023-09-11 04:00:00,1919.92,1926.72,1919.07,1926.49,15138,6,0
2023-09-11 08:00:00,1926.39,1930.7,1925.36,1927.68,17371,5,0
2023-09-11 12:00:00,1927.66,1927.99,1924.18,1927.24,15760,5,0
2023-09-11 16:00:00,1927.18,1930.09,1921.35,1923.39,26145,5,0
2023-09-11 20:00:00,1923.39,1924.3,1921.44,1922.28,7813,5,0
2023-09-12 00:00:00,1922.64,1923.4,1921.18,1921.55,3000,5,0
2023-09-12 04:00:00,1921.55,1924.5,1920.25,1922.24,10122,5,0
2023-09-12 08:00:00,1922.24,1922.33,1918.41,1919.72,12772,5,0
2023-09-12 12:00:00,1919.72,1920.02,1908.5,1909.71,18043,5,0
2023-09-12 16:00:00,1909.66,1915.04,1907.56,1912.34,25425,5,0
2023-09-12 20:00:00,1912.37,1913.61,1911.75,1913.28,7710,5,0
2023-09-13 00:00:00,1913.15,1913.75,1912.42,1912.54,2941,5,0
2023-09-13 04:00:00,1912.54,1913.81,1908.17,1911.59,10490,5,0
2023-09-13 08:00:00,1911.59,1912.6,1908.24,1912.17,14062,5,0
2023-09-13 12:00:00,1912.15,1914.44,1905.48,1912.28,20884,5,0
2023-09-13 16:00:00,1912.26,1915.71,1908.86,1909.38,32525,5,0
2023-09-13 20:00:00,1909.38,1911.16,1908.09,1908.1,9514,5,0
2023-09-14 00:00:00,1908.78,1912.76,1907.47,1912.59,3805,6,0
2023-09-14 04:00:00,1912.54,1912.86,1908.8,1909.39,14405,5,0
2023-09-14 08:00:00,1909.39,1911.06,1905.15,1907.28,15848,5,0
2023-09-14 12:00:00,1907.28,1910.28,1901.14,1904.43,23847,5,0
2023-09-14 16:00:00,1904.41,1912.1,1900.94,1910.25,41280,5,0
2023-09-14 20:00:00,1910.23,1911.42,1908.08,1910.52,10030,5,0
2023-09-15 00:00:00,1910.91,1911.5,1909.72,1911.19,3775,5,0
2023-09-15 04:00:00,1911.19,1916.8,1910.4,1916.18,16785,5,0
2023-09-15 08:00:00,1916.17,1919.58,1914.88,1917.99,22505,5,0
2023-09-15 12:00:00,1917.99,1920.55,1916.05,1917.09,17056,5,0
2023-09-15 16:00:00,1917.11,1930.39,1916.89,1925.33,34872,5,0
2023-09-15 20:00:00,1925.33,1925.94,1922.34,1923.52,10035,5,0
2023-09-18 00:00:00,1923.52,1924.6,1922.51,1924.54,3444,5,0
2023-09-18 04:00:00,1924.6,1929.43,1923.31,1928.2,13302,5,0
2023-09-18 08:00:00,1928.21,1930.59,1925.09,1926.11,16372,5,0
2023-09-18 12:00:00,1926.1,1928.15,1923.52,1923.97,14330,5,0
2023-09-18 16:00:00,1924.03,1931.15,1922.76,1931.03,24056,5,0
2023-09-18 20:00:00,1931.03,1934.19,1930.99,1933.58,9462,5,0
2023-09-19 00:00:00,1933.69,1934.59,1932.64,1932.73,2872,5,0
2023-09-19 04:00:00,1932.73,1933.41,1931.28,1931.28,8845,5,0
2023-09-19 08:00:00,1931.28,1934.99,1929.79,1933.73,13075,5,0
2023-09-19 12:00:00,1933.75,1937.33,1933.59,1935.8,13191,5,0
2023-09-19 16:00:00,1935.79,1936.35,1930.83,1930.87,24394,5,0
2023-09-19 20:00:00,1930.87,1933.02,1929.77,1931.3,7365,5,0
2023-09-20 00:00:00,1932.02,1932.5,1930.27,1930.69,2833,5,0
2023-09-20 04:00:00,1930.7,1931.4,1928.5,1929.76,7450,5,0
2023-09-20 08:00:00,1929.76,1932.3,1927.91,1929.11,13450,5,0
2023-09-20 12:00:00,1929.11,1934.07,1929.1,1932.18,12374,5,0
2023-09-20 16:00:00,1932.18,1946.69,1931.88,1946.67,28198,5,0
2023-09-20 20:00:00,1946.69,1947.41,1929.17,1930.33,32161,5,0
2023-09-21 00:00:00,1930.28,1931.43,1924.51,1924.93,6131,5,0
2023-09-21 04:00:00,1924.97,1928.65,1924.16,1927.92,10697,5,0
2023-09-21 08:00:00,1927.92,1930.44,1922.82,1923.04,15571,5,0
2023-09-21 12:00:00,1922.98,1926.08,1914.12,1916.44,23666,5,0
2023-09-21 16:00:00,1916.46,1923.78,1913.9,1919.49,33690,5,0
2023-09-21 20:00:00,1919.48,1921.27,1918.67,1919.98,9364,5,0
2023-09-22 00:00:00,1919.39,1923.6,1919.36,1923.4,3597,5,0
2023-09-22 04:00:00,1923.35,1925.5,1921.99,1924.3,10210,5,0
2023-09-22 08:00:00,1924.3,1928.67,1923.68,1926.69,17936,5,0
2023-09-22 12:00:00,1926.69,1927.62,1924.16,1926.07,16255,5,0
2023-09-22 16:00:00,1926.08,1929.07,1924.85,1925.29,26178,5,0
2023-09-22 20:00:00,1925.29,1926.34,1924.28,1924.52,7192,5,0
2023-09-25 00:00:00,1925.23,1926.5,1923.27,1924.83,3670,5,0
2023-09-25 04:00:00,1924.83,1925.28,1922.64,1923.1,5800,6,0
2023-09-25 08:00:00,1923.1,1927.21,1920.88,1921.7,13849,5,0
2023-09-25 12:00:00,1921.68,1926.82,1921.59,1925.87,14179,5,0
2023-09-25 16:00:00,1925.87,1926.29,1915.12,1916.71,27742,5,0
2023-09-25 20:00:00,1916.71,1917.6,1915.2,1915.76,7722,5,0
2023-09-26 00:00:00,1916.08,1916.75,1914.68,1914.78,3119,5,0
2023-09-26 04:00:00,1914.78,1915.77,1913.07,1914.61,8294,5,0
2023-09-26 08:00:00,1914.61,1915.64,1909.7,1913.8,15001,5,0
2023-09-26 12:00:00,1913.81,1913.88,1905.18,1910.24,15732,5,0
2023-09-26 16:00:00,1910.24,1910.34,1900.75,1901.2,29984,5,0
2023-09-26 20:00:00,1901.2,1902.25,1899.11,1900.55,9954,5,0
2023-09-27 00:00:00,1900.59,1902.45,1899.74,1900.65,3257,5,0
2023-09-27 04:00:00,1900.63,1903.91,1896.54,1897.65,9780,5,0
2023-09-27 08:00:00,1897.64,1899.05,1895.09,1896.62,14355,5,0
2023-09-27 12:00:00,1896.61,1896.68,1889.55,1891.76,16353,5,0
2023-09-27 16:00:00,1891.75,1892.16,1875.43,1875.86,31108,5,0
2023-09-27 20:00:00,1875.86,1878.21,1872.5,1874.98,16464,5,0
2023-09-28 00:00:00,1876.19,1877.9,1875.81,1877.05,4896,5,0
